{
  "global_optimization": {
    "argmin": [
      -8.777648115942744e-06,
      0.08333238626869581,
      -3.4055106389855623e-06,
      0.08333256341940679
    ],
    "min_value": 2.3810370342047804e-11
  },
  "random_search": {
    "stam_best_example": [
      [
        -0.9786251235069012,
        -0.2637688785072118,
        0.30422112002253443,
        0.9381728819915787
      ],
      [
        -0.9595493521849081,
        -0.3041537238316409,
        0.3250268153782158,
        0.9386762606383332
      ],
      [
        -1.3638330447491158,
        -0.41048136292519377,
        0.4414169946899938,
        1.332897412984317
      ],
      0.0007195684934878585
    ],
    "stam_for_r_best_example": [
      [
        -0.9786251235069012,
        -0.2637688785072118,
        0.30422112002253443,
        0.9381728819915787
      ],
      [
        -0.9595493521849081,
        -0.3041537238316409,
        0.3250268153782158,
        0.9386762606383332
      ],
      [
        -1.3638330447491158,
        -0.41048136292519377,
        0.4414169946899938,
        1.332897412984317
      ],
      0.034532397737335074
    ],
    "stam_for_r_min_gap": 0.034532397737335074,
    "stam_for_r_violations": 0,
    "stam_min_surplus": 0.0007195684934878585,
    "stam_violations": 0,
    "trials_requested": 30000,
    "valid_samples": 30000
  },
  "solver_availability": {
    "cvxpy": false,
    "scs": false
  },
  "status": "solver_blocked_for_full_sos",
  "symbolic": {
    "reflection_symmetry_a3_b3": true,
    "surplus_num_degree": 10,
    "surplus_num_terms": 233,
    "swap_symmetry": true
  },
  "task": "Task4_n4_sos_bruteforce"
}