{
  "source": "data/first-proof/problem6-direction-d-results.json",
  "source_case2b_instances": 214,
  "summary": {
    "params": {
      "delta_low": 0.1,
      "delta_high": 0.1,
      "zero_tol": 1e-12,
      "ratio_tol": 1e-12
    },
    "counts": {
      "rows": 455,
      "nontrivial_rows": 177,
      "low_rows": 272,
      "high_rows": 163,
      "trivial_rows": 278,
      "ratio_cert_rows": 441,
      "ratio_or_trivial_rows": 455,
      "split_plus_trivial_rows": 455,
      "ratio_miss_rows": 0,
      "split_miss_rows": 0,
      "nontrivial_ratio_fail_rows": 0
    },
    "fractions": {
      "nontrivial": 0.389010989010989,
      "low": 0.5978021978021978,
      "high": 0.35824175824175825,
      "trivial": 0.610989010989011,
      "ratio_cert": 0.9692307692307692,
      "ratio_or_trivial": 1.0,
      "split_plus_trivial": 1.0,
      "ratio_miss": 0.0,
      "split_miss": 0.0,
      "nontrivial_ratio_fail": 0.0
    },
    "ratio_stats": {
      "ratio_mean": 0.6037940944334633,
      "ratio_p95": 0.9779027099030496,
      "ratio_max": 1.4285714285714315,
      "nontrivial_ratio_max": 0.7407407407407427,
      "nontrivial_ratio_p95": 0.6666666666666697
    },
    "miss_stats": {
      "ratio_miss_max_min_score": null,
      "split_miss_max_min_score": null
    },
    "hardest_ratio_misses": [],
    "hardest_split_misses": [],
    "by_family": {
      "Barbell": {
        "rows": 88,
        "low_frac": 0.7045454545454546,
        "high_frac": 0.29545454545454547,
        "trivial_frac": 0.4431818181818182,
        "ratio_cert_frac": 0.9659090909090909,
        "ratio_or_trivial_frac": 1.0,
        "split_plus_trivial_frac": 1.0,
        "max_min_score": 0.666666666666667,
        "max_ratio": 1.0000000000000013,
        "p95_ratio": 0.9200336700336706
      },
      "DisjCliq": {
        "rows": 63,
        "low_frac": 0.8412698412698413,
        "high_frac": 0.15873015873015872,
        "trivial_frac": 0.6507936507936508,
        "ratio_cert_frac": 0.9523809523809523,
        "ratio_or_trivial_frac": 1.0,
        "split_plus_trivial_frac": 1.0,
        "max_min_score": 0.7407407407407416,
        "max_ratio": 1.0000000000000013,
        "p95_ratio": 0.9523809523809547
      },
      "Dumbbell": {
        "rows": 35,
        "low_frac": 0.9428571428571428,
        "high_frac": 0.05714285714285714,
        "trivial_frac": 0.7428571428571429,
        "ratio_cert_frac": 0.9428571428571428,
        "ratio_or_trivial_frac": 1.0,
        "split_plus_trivial_frac": 1.0,
        "max_min_score": 0.6666666666666681,
        "max_ratio": 1.0000000000000022,
        "p95_ratio": 0.9666666666666679
      },
      "ER": {
        "rows": 156,
        "low_frac": 0.41025641025641024,
        "high_frac": 0.46153846153846156,
        "trivial_frac": 0.9423076923076923,
        "ratio_cert_frac": 0.9871794871794872,
        "ratio_or_trivial_frac": 1.0,
        "split_plus_trivial_frac": 1.0,
        "max_min_score": 0.34754656477532764,
        "max_ratio": 1.1622639673950272,
        "p95_ratio": 0.9357893087596026
      },
      "K": {
        "rows": 88,
        "low_frac": 0.4431818181818182,
        "high_frac": 0.5568181818181818,
        "trivial_frac": 0.0,
        "ratio_cert_frac": 1.0,
        "ratio_or_trivial_frac": 1.0,
        "split_plus_trivial_frac": 1.0,
        "max_min_score": 0.5015964529920972,
        "max_ratio": 0.5015964529920981,
        "p95_ratio": 0.5013672019264892
      },
      "RandReg": {
        "rows": 25,
        "low_frac": 0.84,
        "high_frac": 0.16,
        "trivial_frac": 1.0,
        "ratio_cert_frac": 0.84,
        "ratio_or_trivial_frac": 1.0,
        "split_plus_trivial_frac": 1.0,
        "max_min_score": 0.0,
        "max_ratio": 1.4285714285714315,
        "p95_ratio": 1.3542482442107797
      }
    }
  },
  "grid_top": [
    {
      "delta_low": 0.15,
      "delta_high": 0.1,
      "split_covered_frac": 0.9582417582417583,
      "low_frac": 0.6,
      "high_frac": 0.35824175824175825,
      "split_miss_rows": 19
    },
    {
      "delta_low": 0.2,
      "delta_high": 0.1,
      "split_covered_frac": 0.9582417582417583,
      "low_frac": 0.6,
      "high_frac": 0.35824175824175825,
      "split_miss_rows": 19
    },
    {
      "delta_low": 0.05,
      "delta_high": 0.1,
      "split_covered_frac": 0.9560439560439561,
      "low_frac": 0.5978021978021978,
      "high_frac": 0.35824175824175825,
      "split_miss_rows": 20
    },
    {
      "delta_low": 0.08,
      "delta_high": 0.1,
      "split_covered_frac": 0.9560439560439561,
      "low_frac": 0.5978021978021978,
      "high_frac": 0.35824175824175825,
      "split_miss_rows": 20
    },
    {
      "delta_low": 0.1,
      "delta_high": 0.1,
      "split_covered_frac": 0.9560439560439561,
      "low_frac": 0.5978021978021978,
      "high_frac": 0.35824175824175825,
      "split_miss_rows": 20
    },
    {
      "delta_low": 0.12,
      "delta_high": 0.1,
      "split_covered_frac": 0.9560439560439561,
      "low_frac": 0.5978021978021978,
      "high_frac": 0.35824175824175825,
      "split_miss_rows": 20
    },
    {
      "delta_low": 0.02,
      "delta_high": 0.1,
      "split_covered_frac": 0.9538461538461539,
      "low_frac": 0.5956043956043956,
      "high_frac": 0.35824175824175825,
      "split_miss_rows": 21
    },
    {
      "delta_low": 0.15,
      "delta_high": 0.15,
      "split_covered_frac": 0.9120879120879121,
      "low_frac": 0.6,
      "high_frac": 0.3120879120879121,
      "split_miss_rows": 40
    },
    {
      "delta_low": 0.2,
      "delta_high": 0.15,
      "split_covered_frac": 0.9120879120879121,
      "low_frac": 0.6,
      "high_frac": 0.3120879120879121,
      "split_miss_rows": 40
    },
    {
      "delta_low": 0.05,
      "delta_high": 0.15,
      "split_covered_frac": 0.9098901098901099,
      "low_frac": 0.5978021978021978,
      "high_frac": 0.3120879120879121,
      "split_miss_rows": 41
    },
    {
      "delta_low": 0.08,
      "delta_high": 0.15,
      "split_covered_frac": 0.9098901098901099,
      "low_frac": 0.5978021978021978,
      "high_frac": 0.3120879120879121,
      "split_miss_rows": 41
    },
    {
      "delta_low": 0.1,
      "delta_high": 0.15,
      "split_covered_frac": 0.9098901098901099,
      "low_frac": 0.5978021978021978,
      "high_frac": 0.3120879120879121,
      "split_miss_rows": 41
    },
    {
      "delta_low": 0.12,
      "delta_high": 0.15,
      "split_covered_frac": 0.9098901098901099,
      "low_frac": 0.5978021978021978,
      "high_frac": 0.3120879120879121,
      "split_miss_rows": 41
    },
    {
      "delta_low": 0.02,
      "delta_high": 0.15,
      "split_covered_frac": 0.9076923076923077,
      "low_frac": 0.5956043956043956,
      "high_frac": 0.3120879120879121,
      "split_miss_rows": 42
    },
    {
      "delta_low": 0.15,
      "delta_high": 0.2,
      "split_covered_frac": 0.8725274725274725,
      "low_frac": 0.6,
      "high_frac": 0.2725274725274725,
      "split_miss_rows": 58
    }
  ]
}