{
  "seed": 12345,
  "eps_list": [
    0.1,
    0.12,
    0.15,
    0.2,
    0.25,
    0.3,
    0.4,
    0.5
  ],
  "num_graphs": 29,
  "num_steps": 725,
  "algebra_failures": {
    "decomp_exact": 0,
    "corr_bound": 0,
    "dbar_bound": 0
  },
  "global": {
    "max_ratio_m_eps": 0.3125,
    "q99_ratio_m_eps": 0.2916666666666666,
    "max_dbar": 0.7178571428571412,
    "max_uniform_dbar": 0.6885664004998392,
    "min_gap_frac": 0.6875,
    "worst_ratio_case": {
      "graph": "Barbell_40",
      "n": 80,
      "eps": 0.4,
      "t": 9,
      "r_t": 70,
      "m0": 79,
      "progress": 0.8544303797468354,
      "bucket": "late",
      "dbar": 0.6505681818181791,
      "uniform_dbar": 0.5624999999999986,
      "exact_corr": 0.08806818181818055,
      "corr_spectral": 0.08806818181818016,
      "corr_bound": 0.2556818181818175,
      "dbar_bound": 0.818181818181816,
      "norm_m": 0.125,
      "ratio_m_eps": 0.3125,
      "gap_frac": 0.6875
    },
    "worst_dbar_case": {
      "graph": "K_80",
      "n": 80,
      "eps": 0.5,
      "t": 12,
      "r_t": 68,
      "m0": 80,
      "progress": 0.8999999999999999,
      "bucket": "late",
      "dbar": 0.7178571428571412,
      "uniform_dbar": 0.5999999999999991,
      "exact_corr": 0.1178571428571421,
      "corr_spectral": 0.11785714285714223,
      "corr_bound": 0.2571428571428567,
      "dbar_bound": 0.8571428571428558,
      "norm_m": 0.14999999999999997,
      "ratio_m_eps": 0.29999999999999993,
      "gap_frac": 0.7000000000000001
    }
  },
  "c_pass": {
    "all_steps": {
      "0.200000": false,
      "0.250000": false,
      "0.300000": false,
      "0.333333": true,
      "0.350000": true,
      "0.400000": true,
      "0.500000": true,
      "max_ratio": 0.3125,
      "q99_ratio": 0.2916666666666666,
      "count": 725
    },
    "pre80": {
      "0.200000": false,
      "0.250000": false,
      "0.300000": true,
      "0.333333": true,
      "0.350000": true,
      "0.400000": true,
      "0.500000": true,
      "max_ratio": 0.30000000000000043,
      "q99_ratio": 0.2500000000000005,
      "count": 674
    },
    "pre90": {
      "0.200000": false,
      "0.250000": false,
      "0.300000": false,
      "0.333333": true,
      "0.350000": true,
      "0.400000": true,
      "0.500000": true,
      "max_ratio": 0.3125,
      "q99_ratio": 0.2892708333333329,
      "count": 724
    },
    "early": {
      "0.200000": true,
      "0.250000": true,
      "0.300000": true,
      "0.333333": true,
      "0.350000": true,
      "0.400000": true,
      "0.500000": true,
      "max_ratio": 0.13333333333333286,
      "q99_ratio": 0.10000000000000002,
      "count": 225
    },
    "mid": {
      "0.200000": false,
      "0.250000": false,
      "0.300000": true,
      "0.333333": true,
      "0.350000": true,
      "0.400000": true,
      "0.500000": true,
      "max_ratio": 0.2666666666666657,
      "q99_ratio": 0.24999999999999983,
      "count": 335
    },
    "late": {
      "0.200000": false,
      "0.250000": false,
      "0.300000": false,
      "0.333333": true,
      "0.350000": true,
      "0.400000": true,
      "0.500000": true,
      "max_ratio": 0.3125,
      "q99_ratio": 0.30000000000000143,
      "count": 165
    }
  }
}