{
  "q1": {
    "filter_needed": false,
    "max_dbar": 0.7178571428571451,
    "total_steps": 149
  },
  "q2": {
    "all_ok_at_kn_tmax": true,
    "min_safe_frac": 0.17094017094017094,
    "mean_safe_frac": 0.3413258775742049,
    "kn_tmax_frac": 0.3819660112501051
  },
  "q3": {
    "can_skip_turan": false,
    "n_ok": 42,
    "n_fail": 6
  }
}