math__9503217
math__9707206
math__9802029
math__9802089
math__9804106
math__9805134
math__9806023
math__9805102
math__9808068
math__9808082
math__9808111
math__9809104
math__9810017
math__9810053
math__9810045
math__9810058
math__9810059
math__9810144
math__9811038
math__9811109
math__9901003
math__9901091
math__9901103
math__9901139
math__9802028
math__9903004
math__9902067
math__9903038
math__9903167
math__9904039
math__9904041
math__9904075
math__9904073
math__9904104
math__9805030
math__9906032
math__9906038
math__9906079
math__9906080
math__9906082
math__9908006
math__9907150
math__9909030
math__9812040
math__9910135
math__9910178
math__9903003
math__9911059
math__9912060
math__9910006
math__9906039
math__0001151
math__0002025
math__0002180
math__9912084
math__0001146
math__0001095
math__9902151
math__0003065
math__9811037
math__9812097
math__0003137
math__0004133
math__0004139
math__0004160
math__0005125
math__0006008
math__0006019
math__0006024
math__0006061
math__0006161
math__0006180
math__0007029
math__0007033
math__0007070
math__0008165
math__0008236
math__0009099
math__0009100
math__0009107
math__0009086
math__0009145
math__0009166
math__0009201
math__9811139
math__0011106
math__0001078
math__0011252
math__0012019
math__0012094
math__0012173
math__0101102
math__0101115
math__9908083
math__0101154
math__9904142
math__0102087
math__9807049
math__0104136
math__0104164
math__0104201
math__0104242
math__0105137
math__0002216
math__0105229
math__0105231
math__0105256
math__0106065
math__0106094
math__0106146
math__0106214
math__0106240
math__0106253
math__9912059
math__9912075
math__0105049
math__0107188
math__0108017
math__0108147
math__0109021
math__0009004
math__9912157
math__0110014
math__0110064
math__0110221
math__0110257
math__0110273
math__0110311
math__0111061
math__0111073
math__0111139
math__0111048
math__0111205
math__9911242
math__0008117
math__0009082
math__0112158
math__0007009
math__0112176
math__0112307
math__0201017
math__0111204
math__0202081
math__9906036
math__0203084
math__0010253
math__0105039
math__0203206
math__0203255
math__0204140
math__0007157
math__0204279
math__0111049
math__0206017
math__0206052
math__0206079
math__0206264
math__0206295
math__0207023
math__0207097
math__0204218
math__0207145
math__0107060
math__0106019
math__0205014
math__0206124
math__0105018
math__0208211
math__0209035
math__0209068
math__0203273
math__0208198
math__0210187
math__0210194
math__0210291
math__0210322
math__0211345
math__0212065
math__0212136
math__0212157
math__0212197
math__0212219
math__0212266
math__0212271
math__0212293
math__0212377
math__0301211
math__0301221
math__0301353
math__0302283
math__0302284
math__0103011
math__0303037
math__0303050
math__0303083
math__0303186
math__0303297
math__0301027
math__0304277
math__0304279
math__0304284
math__0304285
math__0304286
math__0304287
math__0304288
math__0305049
math__0208222
math__0304442
math__0305165
math__0305254
math__0306174
math__0306203
math__0306241
math__0109088
math__0306371
math__0306440
math__0307060
math__0306109
math__0307185
math__0306079
math__0307327
math__0306179
math__0308064
math__0106083
math__0308246
math__0308298
math__0309018
math__0309209
math__0309400
math__0210125
math__0310055
math__0307149
math__0306086
math__0310337
math__0304026
math__0311021
math__9904108
math__0312088
math__0308054
math__0312420
math__0312428
math__0312442
math__0312476
math__0312262
math__0206203
math__0401095
math__0401119
math__0401158
math__0210354
math__0401274
math__0401283
math__0401347
math__0208094
math__0402061
math__0402150
math__0402275
math__0311260
math__0209093
math__0302304
math__0402450
math__0402441
math__0403081
math__0403152
math__0403164
math__0403214
math__0403227
math__0309296
math__0403341
math__0403342
math__0403343
math__0403394
math__0404001
math__0404016
math__0312422
math__0404216
math__0404233
math__0404243
math__0404286
math__0312257
math__0404399
math__0404405
math__0404504
math__0404522
math__0401062
math__0405226
math__0405227
math__0211454
math__0403237
math__0405453
math__0406044
math__0305218
math__0406267
math__0401433
math__0309066
math__0406475
math__0406501
math__0402250
math__0407019
math__0405517
math__0407031
math__0407155
math__0406310
math__0407242
math__0407251
math__0407362
math__0407275
math__0407507
math__0408023
math__0402236
math__0408177
math__0408306
math__0309185
math__0409111
math__0409158
math__0312214
math__0310134
math__0409270
math__0407463
math__0409339
math__0409417
math__0409360
math__0406615
math__0409473
math__0409475
math__0409477
math__0409602
math__0410202
math__0410230
math__0310027
math__0410398
math__0410555
math__0111196
math__0307200
math__0411055
math__0410589
math__0411154
math__0411343
math__0411344
math__0411345
math__0411366
math__0411408
math__0411478
math__0406061
math__0411507
math__0412001
math__0407162
math__0412226
math__0412230
math__0412304
math__0301214
math__0501086
math__0211389
math__0501331
math__0501383
math__0501400
math__0501206
math__0502006
math__0502075
math__0502212
math__0502308
math__0502329
math__0408120
math__0502399
math__0502474
math__0502479
math__0308063
math__0502410
math__0502583
math__0503057
math__0503151
math__0403322
math__0409598
math__0411220
math__0503630
math__0401424
math__0504032
math__0504037
math__0504065
math__0503564
math__0504282
math__0504346
math__0503436
math__0504599
math__0505151
math__0305169
math__0505004
math__0505104
math__0309465
math__0406478
math__0306361
math__0408040
math__0506451
math__0506453
math__0506470
math__0506471
math__0506589
math__0507003
math__0408042
math__0404034
math__0410412
math__0507334
math__0507344
math__0506310
math__0507447
math__0507480
math__0306127
math__0301271
math__0406507
math__0508379
math__0409263
math__0509102
math__0506302
math__0509266
math__0509318
math__0509438
math__0509593
math__0509665
math__0504301
math__0404470
math__0506624
math__0503301
math__0510072
math__0501489
math__0503342
math__0510272
math__0510345
math__0412478
math__0511040
math__0501230
math__0511367
math__0511497
math__0511590
math__0511639
math__0507116
math__0503306
math__0512052
math__0512102
math__0512194
math__0512453
math__0503167
math__0502155
math__0506352
math__0404328
math__0502550
math__0505152
math__0506548
math__0601458
math__0601578
math__0601603
math__0508531
math__0601777
math__0602016
math__0602077
math__0602079
math__0212237
math__0602180
math__0511068
math__0602463
math__0602551
math__0602499
math__0512110
math__0601386
math__0503226
math__0603359
math__0312190
math__0603391
math__0604138
math__0603348
math__0603298
math__0509541
math__0604416
math__0604442
math__0604514
math__0012219
math__0501343
math__0512349
math__0604180
math__0604549
math__0605112
math__0605094
math__0605149
math__0505566
math__0505534
math__0603590
math__0604504
math__0605126
math__0512076
math__0605463
math__0605606
math__0509655
math__0006091
math__0505331
math__0507349
math__0606393
math__0606472
math__0606553
math__0410328
math__0511710
math__0606704
math__0606733
math__0607043
math__0512575
math__0607100
math__0607117
math__0607126
math__0202130
math__0505559
math__0607271
math__0604414
math__0607330
math__0607334
math__0607423
math__0607462
math__0607646
math__0607786
math__0106050
math__0601012
math__0608163
math__0510281
math__0608436
math__0608452
math__0602084
math__0608503
math__0604569
math__0608614
math__0608774
math__0604412
math__0605530
math__0609220
math__0411561
math__0507559
math__0511047
math__0609479
math__0505329
math__0609808
math__0610110
math__0610122
math__0508416
math__0603400
math__0610201
math__0604285
math__0610260
math__0610239
math__0610273
math__0610435
math__0610439
math__0610500
math__0604029
math__0604030
math__0604031
math__0408298
math__0610678
math__0610772
math__0611101
math__0509056
math__0601418
math__0609420
math__0611560
math__0611603
math__0611701
math__0611821
math__0609311
math__0611861
math__0612083
math__0612084
math__0612088
math__0612089
math__0612165
math__0612203
math__0009021
math__0612496
math__0612498
math__0612619
math__0611317
math__0611799
math__0612727
math__0509530
math__0701223
math__0612139
math__0612141
math__0602107
math__0701457
math__0611728
math__0701746
math__0701767
math__0604065
math__0702290
math__0411613
math__0612299
math__0702535
math__0702588
math__0702604
math__0702652
math__0702677
math__0702574
math__0703113
math__0608166
math__0703119
math__0701507
math__0703311
math__0703356
math__0611929
math__0505328
math__0610552
0704.0502
math__0608680
math__0610934
math__0608781
math__0608430
math__0206113
math__0504334
math__0702746
0704.2207
0704.2576
0704.3976
math__0701293
math__0701295
math__0604542
0705.0462
math__0511357
0704.1378
math__0506600
math__0701815
0705.3485
math__0605100
math__0412512
0705.4334
0705.4406
math__0612175
0706.0315
math__0504133
0706.1393
0706.1771
math__0610828
0706.1835
math__0207281
math__0606067
0706.2307
math__0608760
0706.2922
math__0608770
0706.2648
math__0601383
0707.0835
0707.0975
math__0508479
0707.1432
0707.1449
0707.1609
0707.2052
0708.0592
0708.1178
0708.1500
math__0512165
0708.1921
0708.1925
0708.2185
0708.2570
0708.2705
math__0601575
0708.2757
0708.2761
0708.2832
0708.3308
0708.3584
0708.3937
0708.4401
math__0609257
0709.0248
0709.0837
math__0006052
0708.4039
0709.2461
math__0702299
0709.4041
0709.4326
0709.4495
0708.3326
0710.0032
0710.0181
0710.0429
math__0701655
0710.1120
math__0509684
0707.3499
math__0606041
0704.1624
0710.2616
0710.3066
0710.3077
math__0602510
0710.3426
0710.3521
0705.0102
math__0608420
0708.2866
0711.0299
0711.1181
0711.1608
0711.1330
0711.1859
0711.2077
math__0703713
0711.2462
0711.3200
0711.3642
0711.3659
0708.2067
0708.3435
0711.4657
0711.4904
0712.0418
0712.0890
0712.1319
0712.1864
0712.2525
0712.3296
math__0502533
0710.3853
0801.0010
math__0703763
0801.0199
math__0510266
0801.0404
0801.0504
0801.1133
0801.1462
0801.2055
0801.2305
0801.2567
0801.2664
0801.4067
0711.4401
0801.4923
0802.0600
0802.0800
math__0306223
0802.1833
0802.2044
math__0211037
math__0701165
math__9911207
0707.0300
math__0210047
math__0210114
math__0306018
math__0312339
0712.0724
0802.2885
0802.3136
math__0606735
0802.3511
math__0609450
math__0703457
0802.4181
0802.4414
0708.1741
0803.0853
0803.0812
0803.1642
0803.2429
0803.3252
0803.3594
0803.4209
0804.0326
0803.4342
math__0603279
0804.1460
0803.3907
0801.0161
0804.2154
0804.1163
0801.4107
0804.3986
0803.1408
math__0611011
math__0411543
0803.2694
0805.1441
0805.2187
math__0701552
0805.3307
0802.4096
0806.0060
0806.0308
0806.0332
0805.3673
0806.0569
0806.1179
0706.3226
0710.5761
0806.1540
0806.1767
0710.1163
0711.0324
0711.0473
0806.2359
0803.1133
math__0612414
0708.2659
0710.5202
0710.5323
math__0510594
0806.3983
0802.4357
0807.0658
0807.1002
0807.1471
0807.1872
math__0506313
math__0512106
math__0702399
0711.0674
0709.2149
0710.4310
0708.1695
0803.3608
0807.1329
0807.4123
0807.4256
0807.4562
0708.1897
math__0410020
math__0608040
math__0612549
0808.1519
0808.1627
0808.1664
0808.1972
0808.2553
0808.3147
math__0608144
0803.4349
math__0702667
0806.1357
0809.0988
0809.1187
0809.1504
0806.1079
0809.1760
0809.2161
0802.1946
math__0702838
math__0703422
0809.3023
0808.3627
0809.3341
0809.3394
0809.3457
0809.3676
0809.4343
0809.4423
0809.3575
0809.4518
0809.4192
0809.4970
math__0309336
0809.2070
0810.0979
0810.1279
0802.1036
0810.1674
math__0212274
0810.2398
0802.4266
0711.1529
0710.5065
0810.4960
math__0602497
0811.0318
0810.3242
0811.2505
0811.2435
0811.2627
0811.2684
0811.3215
0811.3547
0811.3722
0805.4611
0811.4626
0811.4704
0805.2778
math__0702840
0711.4961
0812.1464
0812.1556
0812.1674
0812.2443
math__0611885
0812.3596
0812.4864
0901.0618
0706.1286
0901.1859
0901.2372
0812.0150
0901.2696
0901.3090
0901.3103
0901.3975
0809.3881
0901.4886
0706.1068
0808.1518
0902.0411
0902.0399
0902.0714
0902.0876
math__0301045
0902.1272
0811.4770
0902.1398
0812.1603
0902.2228
math__0701231
0902.2273
0709.3778
0902.3436
0804.4702
0902.4016
0903.0208
0903.0333
0903.0371
0806.1728
0812.1138
0902.4743
0808.2798
0806.1324
0903.2635
0903.2848
0903.2868
0811.0404
0903.3245
0903.2627
0710.1645
0903.4233
0903.5058
0903.5154
0903.5185
0902.2554
0808.1522
0904.0125
0806.2520
0904.0078
0904.0619
math__0604161
0904.1099
0904.1553
0904.1678
0802.0952
0904.2486
0904.2685
0708.1348
0904.3137
0811.1480
0811.1457
0904.3961
0904.3964
0904.1790
0904.4167
math__0608601
0904.4414
0709.3091
0905.0299
0905.0459
0905.0465
math__0703204
0802.0097
0805.2978
0905.0807
0903.2589
0905.0462
math__0608228
0712.3676
0810.0032
0710.2497
0905.2063
0801.2014
0905.3074
0905.3156
0705.2537
0806.4345
0904.0634
0810.4761
math__0508152
math__0509674
0707.1313
0905.4875
0905.4883
0905.4941
0906.0012
math__0512094
0708.1487
0906.0762
0902.4012
0906.1125
0906.1252
math__0702802
0809.4336
0810.2070
math__0604537
0712.0617
0811.1448
0906.3061
0906.4357
0901.1627
0901.4403
0906.4087
0906.4594
0906.1286
0907.0061
math__0610194
0905.0595
0804.4165
0907.0978
0902.0556
0907.1578
math__0611930
0907.1905
0907.2025
0907.2204
0907.2361
0907.2726
0907.3259
0812.4685
0809.3031
0907.3961
0801.3843
0907.4553
0907.4969
0908.1044
0908.1255
0903.2593
math__0610643
0908.2168
0809.3201
0908.2675
0908.2751
0908.3325
0908.3347
math__0612257
0908.4318
0903.1173
0808.3681
math__0611344
0901.4865
0909.1415
0909.1486
0909.1633
0909.1793
0901.0203
0907.2080
0906.0015
0909.3162
0812.1152
0803.3692
0905.3148
0909.2212
0811.4304
0801.1461
0909.4136
0909.4722
0909.5010
math__0103193
0909.5270
0909.5590
0910.0550
0910.0814
0910.1038
0807.1704
0811.3175
0810.2578
0910.2539
0910.3261
0910.3322
0808.4035
0810.1442
0910.3978
0810.4502
0910.3842
0902.1130
0807.3356
0910.4948
0910.5387
0910.5500
0910.5699
0911.0018
0911.0068
0806.3205
0911.0469
0903.2722
0911.0977
0911.1689
0903.3717
0911.2863
0808.1667
0911.3834
0908.2228
0911.4048
0911.4133
0911.4183
math__0503632
0811.4539
0911.4595
0911.5200
math__0702839
0710.3553
0807.2874
0912.0582
math__0506168
0902.2355
0912.1012
0912.1204
0912.1404
0912.1553
0801.0157
0912.2088
0912.2126
0908.4187
0808.1820
0804.1781
0912.4708
0912.4914
0809.2517
0907.2881
0912.5299
0809.4782
1001.0557
1001.0758
1001.0862
0911.3554
0907.2194
0907.2199
0907.2566
0807.4957
1001.0905
math__0508617
1001.2378
0810.2361
1001.2628
1001.4071
math__0307263
0808.3964
0902.0161
0804.1267
0902.1750
0908.1250
0711.1734
1002.0879
0812.0986
1001.2366
1002.1372
1002.1868
0910.2996
1002.2837
1002.3122
0906.4097
1002.3262
1002.3352
0801.0083
0907.3335
0902.4192
0902.4197
0907.5143
0706.1033
1003.0096
0910.2014
0906.4931
0705.3249
0811.0926
1002.0132
1002.3166
1003.3221
1003.2432
0909.3350
1003.3820
1003.4236
0811.3854
0909.4229
0902.1088
1003.5552
1003.5944
0808.4108
0805.3030
0810.5174
0910.4538
1004.0778
1004.0993
0908.2353
1004.1653
1004.2228
1004.2472
1004.2547
0911.0123
0909.4715
1003.0318
1004.3802
0906.3330
0908.0116
0910.1818
1005.0938
1005.0949
1005.2653
0810.5684
0912.0510
math__0701024
1003.2578
1005.4512
1001.1556
0809.4323
0903.5232
0710.2509
1006.0569
1006.0874
1006.1033
1006.1262
0907.4134
1006.1768
math__0602053
math__0703540
1002.3198
0804.3587
0903.4276
1006.3930
0908.0428
1005.0209
1006.4647
0911.4979
1006.4677
0907.0930
0906.2393
1006.5315
1007.0033
1007.0121
0807.2927
1002.1686
1002.2747
1006.0797
1007.1934
0806.2493
1007.2884
0704.2106
0812.3601
0905.1200
0906.0855
1003.5492
0708.1677
1007.4409
1007.5099
1002.4493
0910.0512
1008.1399
1008.1400
1008.1714
1008.1692
1008.1940
1006.4721
1005.0156
1003.5158
1008.2926
1008.3260
1007.1555
1008.4109
1008.4701
0910.4724
1008.3739
0910.4622
1009.0110
1009.0732
1009.0803
1008.5364
0803.0775
1009.2151
1009.2331
math__0508565
1009.3044
0809.2494
0812.0409
0901.3967
1009.3673
1009.3892
0908.3417
1006.2316
0908.3281
0912.4551
1010.0146
0912.4464
0912.1271
1010.0812
1005.2831
1010.1810
0910.5695
1010.3336
1010.3217
0908.4305
1007.0219
1010.4460
1008.1245
1010.5304
1010.5397
1004.0160
1011.0053
1011.0079
1010.4474
1011.2374
1011.3243
1006.1227
1011.4114
1011.4686
1002.4848
1011.4802
1011.4870
1011.5345
1011.6077
1002.4863
1004.1055
1004.1825
1012.0547
0706.2491
1011.3574
1012.1415
1005.2227
0907.2460
1012.1949
1012.1964
0901.3602
1011.5411
1012.3185
0904.4896
0909.2534
1001.2341
1012.3351
0908.0604
0809.2627
1012.5051
1007.4138
1101.0143
math__0305317
1011.1691
1012.1540
1012.1541
1101.0772
math__0609748
1101.1613
1101.1634
1005.1520
1101.2471
1101.3138
1101.3219
1004.3750
1101.4144
1007.1931
1012.5857
1007.1890
1101.4879
1005.3251
1101.5834
1009.1678
1102.0186
1102.0979
1102.0981
1101.3054
1102.1313
0904.4713
0912.4809
0812.4969
1101.3064
1102.2605
0903.3292
1102.2879
1102.3240
1102.3549
1102.3622
1003.1920
0706.2868
1006.5122
1103.0600
1103.0959
1012.4154
1001.1391
0910.2733
1005.0042
1012.0105
1103.2677
1103.1241
0906.4150
1103.3493
1103.3537
1101.5982
1103.3991
1102.1496
1103.4485
1103.4505
1103.4565
1007.3868
1103.5111
1103.5113
1103.5251
0807.4848
1103.5539
1001.4536
1103.6009
1101.4594
1103.4262
1104.0102
0902.2259
1104.0518
1104.0563
1104.0584
1104.1644
1104.1766
1104.1805
1009.1798
1104.2360
1104.2458
1104.2539
1104.2776
1010.3628
1007.4776
1104.3542
1104.4275
1010.0982
1010.4527
1003.4850
1104.3630
1105.1997
0910.0642
0712.0201
1105.3405
1005.3248
1007.4329
1105.4399
1012.1911
1105.4710
1105.5048
1105.5186
1004.4558
1003.1342
1006.3568
1106.0772
1106.1092
1106.1606
1106.1979
1007.5458
1005.1018
1012.3870
1012.5647
0902.1797
0812.1673
1107.0495
1107.1227
1107.1386
1107.1685
1006.2706
1012.4743
0910.0131
1009.3370
0802.0663
1012.4319
1010.2599
1108.0652
1102.4931
1107.5511
1108.1063
1108.1069
1108.1525
1108.2001
1108.2144
math__0702208
1004.4338
1010.0351
1108.3724
1012.4109
1108.3909
1004.0457
0912.4844
1103.2963
1108.2913
1108.3349
1108.5663
1108.5747
1108.5751
1108.5952
1108.5957
1109.0106
1108.4195
1109.1004
1011.0144
1109.1598
1105.2715
math__0406348
1102.4882
1109.2040
1109.2091
math__0510039
1005.3979
1101.5931
1104.2111
1108.4032
1107.4764
0803.2587
1006.5347
1009.5034
1109.4084
1109.4210
1109.5062
1109.6226
0810.0066
1109.6515
1110.0554
1110.0715
1110.0767
1110.1537
1009.3410
1002.3926
1110.1923
0808.3684
1101.4803
1110.2511
1102.4597
1110.2989
1110.3077
0711.1761
0804.2663
0808.2122
0810.4450
0812.0298
1007.4638
1110.3294
0912.1415
1003.4224
1109.5441
1110.4252
1110.4753
1110.4785
1106.4853
1110.5293
1006.5475
1110.5542
1110.5625
1003.0585
1110.6523
1101.3233
1111.0330
1111.0942
1111.1820
1111.2220
1105.0913
0910.2152
1111.2962
1009.3454
1111.3335
1111.3469
1111.3489
0912.1242
1009.3553
1111.3845
1111.3904
1111.4146
1002.4604
1108.4197
1111.5146
1111.5317
1111.5448
1111.5659
math__0605037
1005.2910
1110.1776
1112.0625
1112.0781
1112.1251
1112.1307
1112.1448
1102.2048
1112.2244
1002.2599
1112.2440
1112.2542
1009.5025
1012.5282
1101.4051
1112.3135
1112.3603
1112.3996
1103.2105
1112.4128
1112.4277
1112.4315
1105.6206
1111.6556
1112.4949
1112.5213
1112.5241
1112.5325
1112.5563
0801.2826
0812.3584
1112.5996
1112.5999
1010.2662
1112.6295
1011.5597
1201.0059
math__0010089
1201.0340
1112.0094
1201.0591
1106.5331
1107.0778
1201.0805
1106.5434
0904.4609
1110.0844
1201.2970
1112.2533
1201.3789
1110.0652
1201.5239
1201.5342
1201.6272
1108.3209
1202.0061
1108.0958
1202.0426
1202.0427
1202.0431
1202.1004
1012.0428
1105.3104
1202.1938
1201.4493
1112.3840
1202.3245
1104.0646
1202.3599
1202.3613
1201.6593
1106.5198
1106.5010
1202.4803
1202.5215
1112.0474
1202.0411
1203.0424
1203.1683
1112.2360
1203.2474
1003.1994
1101.4921
1203.2800
1104.1054
1203.4110
1203.5009
1105.5271
1101.5896
1203.0202
1203.5071
1203.5905
1203.6086
math__0506521
1112.1284
1204.0227
math__0510490
1107.3608
1202.6238
1204.1693
1204.2185
1106.2218
1204.3244
1011.0717
1204.4906
0910.1861
1010.0717
1112.1317
1204.2013
1204.5395
1003.3618
1204.5681
1204.6228
1109.5785
1204.2703
1110.0605
1201.3898
1202.0255
0907.5339
1108.2934
1111.6797
1009.3384
1203.6133
1003.5937
1205.2547
1205.3050
1205.3121
1205.3122
1111.3880
1205.4473
1105.4692
1105.4698
0903.3743
0906.4521
1205.5332
1205.5376
1205.5527
1205.5697
1205.6072
1101.1195
1205.6450
1206.0076
1206.0162
1206.0410
1111.2324
1105.5091
1205.4380
1202.5085
1206.2721
1206.2764
1206.2946
1111.7285
1206.3439
1206.3704
0901.0074
1107.0954
0805.2611
1206.5975
1206.6019
1203.3664
1206.6308
1206.3916
1203.0907
1207.0121
1204.1358
0812.0287
1204.4886
1204.3745
1206.1203
1207.0959
1110.5117
0905.1731
1207.1923
1207.2971
math__0612735
1207.3487
1207.3488
1106.0210
1207.3600
1207.4296
1202.0684
1201.4907
1005.4236
1202.1635
1207.6750
1207.5306
1105.5572
1106.4121
1208.0660
0908.1582
1208.1173
1011.0558
1207.6972
1208.1919
1208.2032
0803.2249
1208.2889
1208.2938
1108.5741
1207.5488
1208.4068
1208.4070
1208.4520
1110.1711
1208.4997
1208.5193
1208.5696
1101.2456
1208.6265
1201.4981
1208.6564
1209.0027
1205.6522
1209.0124
1207.6863
1203.4318
1205.0074
1209.1067
1208.5785
1209.1454
1207.0860
1209.1932
1203.0311
1209.2699
1209.2735
0809.2495
1112.6253
0911.3845
1209.4307
1209.4398
1204.6723
1209.5224
1210.1478
math__9911073
1206.2941
1206.2945
1210.0192
1107.0557
1210.0343
1210.0399
1101.5924
1110.2613
1112.3805
1210.0615
1210.1174
1201.2991
1201.0413
1210.2487
0908.3762
1210.3608
1210.4421
1210.4542
1210.4566
0902.0742
1110.6411
1210.5582
1210.5678
1107.4620
1210.6424
1204.3312
1210.7514
1210.7913
1210.8052
1101.1700
1204.0196
1211.1229
0910.1306
1004.1488
1211.1555
1203.1703
1211.2314
1211.3678
1211.4135
1208.2433
1210.6166
1211.4797
1205.6066
1211.5041
1211.6170
1101.2792
1204.5427
1212.0966
1212.1435
1212.1545
1212.2083
1212.2608
1209.0414
1212.3539
1212.3563
1011.0110
1209.2847
1110.1066
1101.2363
1212.6543
0710.2254
1301.0300
math__0610291
1212.0177
1301.0656
1301.0660
1206.5650
1301.1996
1201.1767
1301.2134
1208.5505
1301.3679
1203.2881
1301.4616
1102.2512
1207.0612
1208.1777
1209.1155
1301.5087
1209.4114
1301.6056
1301.5246
1109.2883
1302.0393
1302.0399
1302.1012
1302.1465
1206.2724
1302.1729
1302.1782
1107.4291
1208.0639
1302.2774
1302.3032
1204.5531
1302.3711
1207.2758
1302.4370
1210.8192
1302.4488
1302.4521
1302.4573
1201.2686
1107.1639
1302.5501
1302.5652
1302.5692
1302.6290
1206.3850
1001.1707
1101.5847
1303.0340
1303.0376
1110.3526
1112.4088
1303.1286
1303.0524
0711.1683
1210.4098
1303.3337
1012.5790
1303.3671
1208.2312
1006.5399
1303.4133
1105.5187
1303.4663
1207.3674
1303.4941
1010.4956
1303.5940
1212.6283
1210.4056
1303.6875
1202.6034
1301.5206
1303.7046
1303.7350
1304.0352
1304.0219
1304.0520
1304.0557
1212.3085
1304.1331
1304.1662
1201.2134
1209.4436
1304.2215
1304.2692
1304.3033
1304.3491
1304.3592
1304.4079
1304.4278
1112.3837
1304.5275
1304.5295
1304.5729
1304.5909
1304.6236
1205.6308
1304.6862
1304.6974
1005.4878
1304.7128
1211.6134
1304.7572
1305.0142
1305.1115
1101.1904
1305.2229
1212.6720
1305.2310
1305.2311
1206.5934
1202.2591
1207.3694
1305.2961
1305.3029
1305.3432
1305.3458
1305.4034
1305.4491
1305.4550
1305.4607
1209.0540
1210.1299
1206.0422
math__0304064
1207.2113
0906.2954
1205.3979
1212.5539
1305.6958
1305.7414
1305.7177
1306.0296
1210.1036
1203.5053
1306.2675
1212.2282
1306.3046
1202.5605
1306.3335
1005.2666
1206.3645
1305.4040
1306.3943
1306.1895
1306.4088
1303.5638
1306.4829
1205.0101
1306.6250
1306.6523
1008.3145
1109.0699
1111.2952
1306.6789
1307.0265
1307.0663
1301.4725
1307.1675
1210.3780
1209.3606
1307.2963
1307.4038
1307.4236
1003.5603
1103.4815
1212.1018
1304.6541
1307.4845
1307.4968
1307.5383
1307.5404
1307.5625
1307.5969
1307.6894
1307.7215
1307.7216
1210.3922
1307.7574
1307.8088
1302.5187
1307.8307
1307.8400
1307.8418
1307.7218
1308.0113
1308.0251
1308.0729
1305.7192
0911.0343
1201.6650
1304.6641
1108.3810
1308.2491
1106.3644
1304.6883
0907.0187
1105.3869
1308.3574
1308.3586
1304.0937
1112.5146
1308.4111
1207.3611
1308.5723
1308.6495
1308.1532
1309.0361
1309.0389
1209.1564
1210.6519
1212.2883
1309.0922
1303.4669
1308.2583
1203.5657
1207.3465
1309.3109
1210.0212
1106.1977
1209.2776
1305.3750
1307.0068
1112.0560
1302.6946
1309.4821
1111.2902
0808.1923
1304.0021
1309.6952
1307.1995
1309.7514
1203.6224
1203.6395
1309.5026
1310.0903
1211.5762
1310.1875
1310.1887
1310.2175
1307.6924
0905.1444
1012.0864
1303.2083
1310.5357
1203.6796
1307.0405
1107.6032
1212.2670
1310.6501
1310.7407
1210.6506
1207.6404
1310.0381
1310.7222
1311.1146
1311.1852
1206.4882
1207.2054
1311.3188
1311.3451
1311.3866
1105.0714
1203.3253
1311.5494
1311.6489
1311.7125
1311.7642
1311.7681
math__0701325
1312.0432
1202.1012
1205.1488
1310.2932
1309.2835
1312.1445
1312.1608
1312.1709
0910.5077
1209.6183
1212.5123
1203.0950
1312.3152
1302.6869
1312.3709
1304.4698
1312.4642
1312.5348
1306.2072
1107.5745
1202.0927
1304.6978
1312.7678
1312.7765
1312.7833
1203.3958
1401.0275
1401.0315
1401.0940
1303.0584
1401.1409
1401.1484
1205.3669
1309.1802
1401.2037
1401.2824
1212.0496
1210.4302
1401.3757
1401.4259
1401.4697
1401.4772
1401.4585
1401.5604
1401.6574
1401.6983
1207.2773
1208.4494
1011.0918
1401.7748
1402.0253
1402.0408
1308.2485
1402.0784
1401.5656
1402.1588
1402.1589
1309.1364
1402.2131
1402.2600
1402.2619
1303.5265
1310.5955
1402.4197
1106.5942
1209.5554
1401.7867
1211.4005
1402.6085
1312.5910
1402.6799
1403.0020
1212.3277
1403.1332
1402.1159
1201.1575
1403.3672
1403.4126
1403.4183
1404.1326
1404.1327
1104.5689
1003.5742
1403.5873
1403.6092
0902.1954
1403.6507
1208.3097
1403.3254
1202.2481
1204.6695
1404.0628
1401.3651
1312.5474
1404.1485
1307.4678
1310.5646
1312.7466
1208.6005
1404.2715
1404.3416
1010.4819
1404.3955
1403.0536
1404.4301
1305.5086
1401.7694
1404.5191
1312.1272
1401.6139
1404.5477
1212.5232
1305.3835
1404.6240
1006.4343
1404.7788
1108.3376
1312.6358
0708.3398
1202.3359
1405.2429
1105.3177
1210.1694
1212.3264
1405.3921
1305.6032
1310.1529
1203.6891
1212.1517
1402.4414
1405.5667
1405.5768
1405.6973
1405.7061
1405.7263
1304.3487
1406.0058
1406.0088
1404.0108
1308.1804
1311.4605
1304.6871
1406.0786
1202.2876
1406.1115
1406.1251
1212.3914
1406.1692
1406.2361
1406.2569
1406.3300
1210.6363
1406.0961
1406.3513
1406.3819
1212.4541
0709.1421
1204.5101
1406.4791
1406.4409
1404.4610
1406.5479
1406.5762
1405.3090
1406.6229
1403.6039
1406.6546
1406.6789
1406.6804
1405.3356
1406.7192
1406.7666
1406.7854
1404.0170
1407.0512
1407.0995
1407.1210
1407.1473
1407.2203
1407.2287
1407.2486
1407.2745
1407.1012
1301.4485
1307.3351
1407.3835
1407.3941
1407.3994
1303.0153
1304.4867
1306.6100
1305.1668
1407.7435
1407.7460
1310.0705
1302.1932
1310.1159
1405.6126
1201.5669
1408.1072
1408.1170
1408.1342
1408.1615
1404.3067
1404.4115
1304.2204
1408.2596
1408.2743
1408.2846
1408.3376
1408.3481
1207.3467
1408.3788
1206.2745
1212.3122
1405.5299
0705.0452
1408.6153
1408.6710
1404.6365
1409.0629
1409.0645
1307.5983
1311.1424
1409.1337
1409.1342
1409.1343
1409.1895
1409.2144
1409.2148
1409.2165
1403.5303
1409.2716
1409.2948
1409.3506
1302.2442
1304.6059
1409.4688
1409.4730
1009.5156
1409.5003
math__0608790
1409.0076
1409.5568
1409.5934
1409.5989
1409.6405
1409.6427
1409.6639
1409.6798
1312.4245
1409.7274
1409.7521
1210.1425
1409.8062
1410.0071
1202.3337
1409.2028
1408.0038
1409.0344
1410.0856
1410.0904
1202.5147
1311.2974
1407.2476
1409.5996
1410.1716
1410.2180
1408.2016
1410.2822
1410.3140
1408.1231
1410.3218
1410.3606
1410.3879
1203.5545
1306.3703
1401.1172
1402.7211
1410.5389
1101.0420
1310.4407
1410.6290
1310.1736
1408.0116
1410.6695
1410.6738
1410.6838
1401.7302
1410.7108
1401.8116
1309.6120
1408.4953
0801.1238
1411.0303
1305.6794
1405.4668
1403.5726
1411.1605
1402.0250
1304.6854
1308.2802
1401.7220
1411.1982
1411.2457
1411.3038
1308.2560
0902.3626
1411.5591
1410.5075
1410.6395
1411.5788
1311.3940
1404.2528
1411.6691
1411.6936
1411.7107
1411.7117
1411.7643
1304.5227
1408.6728
1208.2844
1405.4408
1412.1321
1412.1615
1401.4623
1412.3295
1412.3417
1412.3760
1412.3778
1412.3198
1304.3784
1412.4487
1412.6660
1210.0723
1412.7289
1011.0014
1305.1914
1308.4557
1405.2618
1412.8679
1412.8058
1408.3065
1408.2904
1501.00792
1501.01093
1501.01790
1501.01947
1205.3007
1304.6959
1501.01925
1303.3670
1304.0257
1501.03052
1501.03146
math__0612137
1501.03791
1307.6248
1007.2925
1307.1987
1409.5723
1501.05691
1501.06807
1407.4793
1501.06889
1501.07045
1305.3658
1311.3074
1502.00479
1412.2009
1409.3526
1406.6994
1501.01461
1502.01896
1502.02314
1304.5954
1502.02354
1502.02902
1502.02906
1502.07929
1309.4539
1402.3482
1410.6716
1502.05419
1406.6835
1502.04741
1502.04873
1502.05282
1502.05530
1306.2615
1502.06637
1502.07441
1502.07539
1403.3597
1502.08017
1401.6247
1406.1751
1503.01492
1503.01585
1503.02265
1503.02701
1503.02708
1503.02720
1409.4348
1503.03174
1503.03733
1503.04379
1309.4070
1503.04601
1406.6030
1503.05008
1503.05531
1503.06240
1502.04001
1405.2889
1408.3591
1407.3744
1408.7003
1411.1736
1412.1320
1410.5839
1504.02394
1504.02554
1312.7275
1311.2089
1504.04545
1503.02036
1412.4628
1504.05531
1504.06114
1504.06565
1504.06738
1504.07366
1504.07434
1505.00048
1505.00220
1502.03130
1505.00343
1409.7860
1505.00712
1505.01098
1201.2499
1306.5144
1505.00952
1206.6632
1505.02048
1505.02357
1505.02430
1403.3042
1505.03053
1302.5859
1404.7354
1411.2313
1409.8192
1411.5779
1505.04463
1505.04596
1505.05010
1405.6881
1106.1983
1505.05681
1203.5358
1505.05996
1505.06047
1411.5526
1505.06446
1406.0424
1504.03886
1505.06940
1505.07086
1206.4354
1310.7050
1505.07615
1505.07782
1403.6873
1505.07736
1110.5193
1310.7640
1005.4633
1211.5294
1109.0024
1412.2732
1303.1115
1506.02878
1506.03119
1402.7108
1404.1852
1409.7051
1412.4968
1506.04675
1506.05587
1506.05831
1409.8613
1506.06402
1503.08326
1408.6014
1409.6067
1506.07707
1506.07995
1506.08266
1311.3712
1506.08681
1506.08870
1310.1586
1407.1817
1507.00797
1507.00830
1405.3221
1405.7270
1507.01065
1102.0261
1405.1092
1408.1665
1501.07592
1506.02551
1304.0680
1507.02220
1507.02302
1305.1503
1507.02344
1507.02886
1208.4695
1410.6972
1507.04685
1404.3886
1507.04166
1507.04772
1507.05205
1507.05486
1503.05010
1507.06271
1503.04623
1507.06494
1507.06623
1507.06644
1505.04125
1308.4698
1409.7925
1503.07072
1507.08172
1507.08485
1508.00190
1208.1481
1508.00921
1508.00992
1312.0338
1409.3637
1507.04854
1508.01931
1502.00872
1507.06587
1412.8626
1508.03688
1508.03691
1508.04021
1508.04036
1508.04050
1508.05072
1406.5942
1504.04683
1508.05004
1406.7559
1401.6451
1408.5220
1509.00038
1509.00258
1509.00763
1509.00618
1509.01073
1001.0668
1312.2127
1409.6254
1411.0331
1412.0144
1509.03497
1509.03791
1412.6559
1412.6560
1509.04204
1407.5900
1407.5906
1509.04679
1509.05000
1110.3055
1402.5922
1509.06811
1509.07171
1406.6928
1408.6102
1502.03925
1509.08229
1405.5184
1108.1922
1301.0707
1510.00211
1301.1203
1408.1598
1505.05353
1510.00483
1503.06720
1510.01289
1510.01775
1509.08737
0911.0881
1510.02402
1410.0483
1510.02714
1504.03348
1510.03150
1510.03234
1510.03290
1310.8279
1510.03525
1510.03574
1510.03759
1408.0321
1510.03961
1506.03711
1507.08710
1510.04392
1510.04497
1510.04777
1510.04885
1501.00095
1510.05323
1309.5035
1412.8411
1510.05809
1510.05902
1510.06332
1507.02128
1507.07345
1411.6931
1510.07098
1510.07322
1201.6644
1507.00456
1510.08404
1510.08921
1510.08925
0905.3884
1510.08966
1510.09044
1308.3928
1402.6984
1303.7108
1511.00746
1511.01532
1306.0831
1504.02297
1506.02931
1506.05028
1204.3607
1409.4219
1511.02467
1301.3191
1511.02828
1511.02905
1102.2000
1303.3672
1408.2524
1402.7364
1412.7599
1503.07585
1508.02220
1511.04639
1505.00974
1506.01221
1307.2765
1509.03649
1511.04911
1511.08287
1506.04317
1511.06901
1510.08026
1512.01716
1311.4044
1405.7805
1407.7130
1502.04821
1512.01995
1409.7702
1512.03250
1512.03290
1512.03343
1403.5095
1512.03698
1501.01999
1502.07380
0801.1691
1006.0092
1601.01196
1404.7589
1507.03384
1512.06981
1404.3202
1512.08104
1512.04288
1512.08898
1506.07565
1501.00703
1503.06647
1411.6517
1412.7072
1512.09101
1601.00488
1601.00697
1402.6659
1308.4940
1404.2156
1601.01390
1406.1744
1505.04281
1505.06460
1505.01669
1512.07461
1601.02158
1401.0149
1507.02149
1601.03595
1503.02783
1508.02169
1601.04254
1509.01582
1412.6968
1601.04998
1510.01467
1601.06193
1502.06526
1601.07018
1601.07095
1601.07096
1601.07104
1601.05035
1601.07734
1407.2497
1306.6941
1502.04191
1601.02307
1602.00352
1602.00407
1304.3599
1502.01923
1602.01019
1308.0704
1411.2236
1602.01274
1601.02593
1602.01759
1512.02309
1411.5533
1501.06824
1506.02851
1602.02482
1602.02515
1003.0985
1511.00295
1602.02826
1510.01556
1602.03412
1509.07377
1602.03867
1602.04163
1309.1808
1602.01053
1602.04669
1602.04807
1602.04846
1602.04908
1602.05156
1602.04857
1602.05313
1211.1877
1602.05992
1112.6161
1312.2204
1512.08157
1503.04840
1602.06771
1602.06795
1512.00802
1601.01205
1602.07494
1602.07632
1602.08345
1507.01745
1602.08627
1603.00108
1603.02592
1603.00807
1603.00822
1410.8083
1603.02500
1603.02614
1603.03292
1506.02991
1603.03621
1405.4473
1603.05448
1603.05702
1603.06056
1506.01986
1602.03047
1306.3773
1404.3780
1502.03280
1603.08181
1505.03098
1603.09266
1604.00358
1512.01259
1602.05053
1604.00880
1505.04987
1504.02430
1604.02378
1604.02604
1410.7803
1602.06991
0905.2621
1604.02813
1512.04083
1604.03287
1604.03851
1604.00153
1604.04700
1604.04746
1601.02576
math__0601490
1410.3990
1604.05883
1604.05887
1604.06678
1304.0867
1602.07328
1505.06941
1511.02920
1604.07703
1509.07632
1602.08739
1604.08585
1507.02792
1511.03806
1605.00842
1506.07931
1605.01555
1509.05797
1511.02395
1503.05888
1506.06113
1511.01119
1605.04630
1605.09206
1605.05112
1410.0248
1512.02012
1605.06835
1304.0138
1605.06378
1605.07344
1209.1087
1501.07390
1503.03362
1605.07745
1605.07983
1507.03913
1605.08147
1605.08992
1605.09192
1606.00332
1512.00131
1211.0054
1606.00139
1507.02811
1403.6759
1606.01982
1503.05064
1606.02490
1606.03466
1506.05500
1507.01460
1606.04320
1606.04378
1606.04530
1606.05527
1606.06777
1508.02843
1602.04314
1606.07165
1601.03189
1305.6028
1606.08222
1501.01739
1503.05523
1604.06812
1510.08717
1208.2360
1501.00508
1607.02064
1512.03749
1412.0212
1607.02786
1607.03212
1607.03644
1402.1871
1406.4947
1501.06612
1507.08723
1607.04986
1605.05189
1607.05997
1501.06869
1607.06413
1607.06942
1608.01599
1607.07407
1312.4327
1511.07830
1205.1008
1607.06041
1608.01112
1608.01559
1409.1370
1606.00095
1511.09130
1608.02901
1608.02913
1608.02918
1607.04343
1608.03654
1608.03657
1303.5531
1501.03690
1301.1053
1603.03184
1604.03999
1608.05927
1608.06340
1603.06251
1607.02403
1608.06712
1501.00675
1512.01353
1608.07938
1511.00857
1508.07807
1609.00145
1508.03969
1402.7294
1609.01460
1503.06469
1609.02764
1609.02883
1609.03023
1609.03214
1308.2587
1507.03634
1606.05529
1609.03276
1609.03635
1609.03805
1609.04072
1607.04870
1609.04241
1609.04622
1609.05382
1508.01069
1609.05642
1511.03098
1602.04553
1602.05936
1604.06001
1609.06599
1502.05351
1507.06869
1412.0211
1602.06534
1609.08687
1609.09297
1411.4668
1407.2783
1608.02828
1608.07927
1610.00905
1610.01134
1603.02386
1302.7019
1610.02453
1610.03114
1607.06034
1408.0536
1508.07750
1602.01828
1308.6548
1610.06282
1610.06801
1610.06908
1608.07985
1610.07162
1610.07164
1503.00888
1610.07281
1605.07275
1610.08068
1504.00700
1606.06540
1610.08459
1208.4046
1507.08709
1608.07704
1610.09523
1511.09169
1608.05524
1610.10044
1602.05441
1611.00476
1611.02249
1609.01931
1611.01425
1412.0317
1508.07789
1611.02070
1206.4284
1512.00799
1507.06728
1611.03836
1611.04008
1402.3685
1511.00037
1611.04181
1305.0944
1603.00601
1511.07329
1410.3387
1610.09528
1611.07591
1603.06435
1503.08560
1406.3973
1611.09140
1610.00486
1611.04620
1612.00995
1612.01950
1511.02139
1608.01867
1612.03327
1312.4994
1610.03802
1612.03711
1402.2587
1611.10342
1612.01651
1612.05694
1511.05226
1612.05939
1612.06541
1612.06674
1610.04422
1612.05771
1612.07447
0904.3449
1504.01178
1612.09482
1512.04066
1612.08903
1511.00824
1701.00113
1510.01341
1611.02437
1501.01020
1701.00567
1701.00658
1407.2650
1701.01301
1701.01528
1608.00424
1406.3219
1701.01991
1701.02024
1701.03028
1511.03589
1701.04223
1701.04611
1503.07695
1504.02552
1603.08186
1701.05330
1512.04389
1611.07886
1407.6849
1701.06238
1603.05928
1701.07538
1504.00668
1612.09193
1507.01564
1702.00244
1610.07421
1501.06023
1702.01337
1305.0086
1505.07720
1505.07964
1512.01602
1606.04439
1409.4156
1605.02658
1702.02425
1702.02602
1702.02627
1611.09234
1611.00477
1702.04583
1611.08241
1702.04895
1702.05133
1702.05206
1506.02402
1312.1269
1411.0500
1509.08154
1510.00669
1510.02258
1702.06843
1603.05863
1702.07113
1404.6516
1702.07776
1602.07962
1702.08475
1603.02146
1702.02185
1601.02521
1703.01001
1703.02325
1703.03007
1502.05348
1606.08379
1506.01475
1703.03794
1607.02414
1701.00665
1606.01537
1607.03608
1703.06224
1603.07406
1604.00272
1703.06543
1703.07238
1605.04142
1207.3459
1703.08304
1602.08504
1605.03880
1703.09328
1502.01713
1504.02660
1508.02410
1703.09155
1703.09888
1703.10636
1703.10671
1703.10696
1703.10703
1502.07769
1605.00081
1308.3983
1702.03303
1606.07032
1704.01734
1703.10426
1704.02456
1704.02623
1510.04229
1601.00301
1606.04775
1611.08139
1704.03674
1704.04286
1606.06120
1704.04474
1704.04543
1409.6100
1604.01517
1609.08396
1704.05019
1510.02587
1512.02691
1605.08627
1701.08189
1704.05956
1602.08206
1507.04691
1512.08119
1704.06552
1704.06812
1704.04128
1704.07257
1509.07584
1602.07541
1607.02438
1606.08649
1704.08084
1605.08018
1705.00655
1609.02853
1511.01073
1511.08659
1704.04414
1705.02831
1705.03189
1602.05504
1705.04573
1603.03351
1609.00061
1705.04933
1606.08413
1603.08768
1610.02180
1212.4544
1705.01017
1705.08671
1705.09163
1208.1749
1606.05009
1705.10189
1311.1134
1407.6969
1610.01930
1308.4106
1411.4003
1606.05669
1610.05204
1706.01714
1510.04724
1510.05696
1701.05687
1706.03605
1706.03618
1706.03620
1705.05600
1706.04693
1706.04835
1608.07238
1706.05292
1706.05330
1706.08395
1505.02964
1607.03208
1702.01514
1706.06211
1603.02456
1607.02269
1610.07816
1605.08658
1702.08282
1706.09164
1405.6572
1706.09692
1501.06810
1605.04448
1703.10942
1703.03240
1707.00868
1707.00873
1707.00875
1701.03778
1707.01868
1706.04893
1707.02066
1707.02155
1506.07155
1707.02804
1707.03338
1605.04489
1707.04074
1707.04765
1706.07340
1707.05040
1707.05230
1606.01722
1707.05601
1709.06403
1707.06137
1707.06149
1707.06007
1707.06615
1707.07052
1707.07339
1402.4541
1511.02677
1607.05148
1610.08774
1707.01145
1605.06222
1501.04664
1707.07453
1302.5756
1410.4432
1512.03337
1708.01050
1610.05926
1703.04685
1708.01924
1106.3250
1708.02570
1610.02073
1703.08693
1708.03306
1708.03611
1510.09216
1708.05005
1701.07653
1708.06538
1704.06911
1512.02173
1708.09063
1607.07678
1608.01148
1611.09148
1701.08152
1709.01332
1708.06088
1709.01706
1709.01717
1709.01967
1709.02973
1709.02982
1604.08569
1708.02738
1511.09332
1709.04753
1709.04785
1611.00715
1704.02230
1709.05023
1507.02648
1605.08100
1709.06510
1602.05082
1702.02984
1709.07364
1508.00054
1611.05157
1603.03092
1406.7861
1701.05510
1709.08086
1709.09336
1612.03678
1605.05607
1709.10484
1710.00098
1710.00429
1012.6001
1309.6039
1710.00976
1708.00091
1702.02194
1710.02742
1704.00209
1710.03198
1309.6209
1710.04632
1703.08094
1608.02220
1710.06416
1512.07939
1510.03403
1610.05904
1706.04909
1710.07362
1601.01532
1705.03863
1710.07417
1710.07523
1710.07752
1710.08356
1710.08966
1611.07246
1710.10199
1710.10238
1707.03693
1710.11565
1507.08615
1602.04324
1711.00559
1711.00756
1506.08023
1704.01447
1605.01373
1703.02623
1706.06545
1711.04666
1711.04082
1707.08997
1711.05343
1507.01976
1602.09117
1711.07958
1711.08579
1711.08771
1711.09328
1702.05595
1711.10194
1711.10747
1704.01857
1603.01171
1712.00560
1407.1547
1503.07824
1712.02064
1608.07366
1709.05872
1712.03409
1601.00080
1712.03492
1702.05769
1707.07944
1708.02604
1712.05389
1707.08211
1605.01811
1612.07050
1712.07743
1406.0815
1612.02885
1710.10258
1712.04710
1712.09311
1711.10450
1704.02035
1710.09438
1507.08697
1607.03087
1712.06033
1801.02922
1801.03191
1710.01890
1710.01891
1506.06967
1002.1650
1704.08787
1705.04814
1602.07973
1701.02573
1703.05854
1712.04781
1801.07390
1606.05058
1801.08015
1704.00303
1801.08762
1801.08900
1801.08903
1801.08973
1801.09104
1801.10542
1512.07570
1605.03780
1707.02098
1703.04689
1802.00960
1802.00969
1802.00997
1802.01204
1802.02017
1802.02078
1802.02284
1802.06718
1705.08565
1802.04072
1512.01482
1712.08047
1802.05037
1612.04450
1406.7046
1802.06644
1802.06707
1802.06838
1709.06470
1801.06701
1802.07588
1802.08193
1802.08521
1802.09369
1407.0806
1701.03895
1702.08696
1707.08694
1802.09889
1802.10035
1802.10425
1510.01797
1707.01778
1803.00180
1803.00228
1612.02762
1704.07034
1704.08086
1803.01140
1510.08934
1803.01751
1803.02683
1604.02078
1703.00569
1803.02275
1803.02464
1412.6171
1803.03311
1703.03229
1803.03418
1406.4204
1702.08684
1401.6685
1511.06332
1803.04124
1412.8692
1702.03399
1803.04622
1803.04949
1803.05060
1707.02828
1803.06022
1604.06306
1803.06366
1803.07309
1706.09999
1706.03291
1803.08192
1703.02849
1710.10476
1801.02493
1605.07111
1804.02315
1704.05725
1606.09080
1804.04244
1502.06522
1705.08546
1703.01829
1606.04999
1712.07845
1804.07857
1804.08029
1412.0153
1512.07573
1512.07580
1710.09784
1804.09474
1707.06288
1602.01515
1805.00156
1303.4029
1604.02926
1706.09575
1805.01703
1805.03032
1805.02281
1206.5716
1805.03131
1804.05629
1805.03485
1805.03561
1805.04169
1607.02609
1704.07170
1510.07133
1612.09540
1805.04877
1611.02211
1610.09429
1612.06315
1708.05255
1709.03174
1805.07169
1805.07627
1805.07748
1805.08290
1606.05606
1705.00278
1805.08745
1805.09234
1805.09836
1805.09961
1509.08906
1805.10682
1802.03978
1805.10951
1805.11369
1606.08930
1405.2943
1706.04095
1707.08321
1704.02401
1806.00635
1309.2456
1806.00883
1610.06341
1510.09208
1806.02376
1708.08168
1806.03012
1806.03714
1708.02110
1406.4182
1806.07650
1806.08038
1703.07098
1806.09318
1806.10103
1502.06838
1610.08306
1804.10924
1709.09948
1807.00322
1807.00415
1807.02014
1801.01386
1807.02517
1807.05263
1807.02627
1807.02867
1207.6613
1404.5011
1807.03164
1803.01191
1707.09005
1807.05069
1805.07585
1609.03979
1610.05006
1807.06986
1807.09345
1807.09348
1510.03304
1801.08528
1807.11877
1612.09289
1801.05966
1802.01767
1511.03526
1803.06817
1807.11789
1610.08387
1708.00203
1803.10113
1808.00323
1404.6997
1808.00915
1710.04634
1808.01164
1808.01444
1710.11388
1808.06464
1610.00037
1708.06833
1610.06509
1705.03840
1808.03564
1611.02591
1803.01284
1712.02644
1701.05937
1707.07104
1804.07538
1808.05012
1808.05119
1808.05267
1706.10023
1709.01043
1808.06242
1807.04026
1708.07551
1612.08429
1711.02051
1808.08291
1808.08792
1705.10857
1507.06867
1603.08133
1608.05905
1607.05794
1803.07956
1809.00963
1809.01122
1708.01127
1809.01736
1808.04165
1809.00738
1809.02315
1703.09632
1705.04310
1806.03371
1804.09053
1809.03002
1809.04124
1809.04712
1804.02031
1809.05261
1809.05885
1809.05887
1012.4526
1809.06597
1809.06940
1802.00488
1809.07923
1512.01390
1809.08578
1803.09194
1704.00329
1711.00744
1809.09782
1605.03523
1710.06939
1809.10481
1809.10662
1809.10924
1809.11168
1810.00548
1810.01023
1809.05923
1709.01222
1805.08971
1808.02287
1810.01399
1807.08503
1810.04291
1707.02167
1803.09451
1601.01064
1803.05316
1805.04073
1810.05740
1810.06076
1802.01827
1810.06496
1810.06533
1705.06085
1810.06960
1810.07049
1505.04442
1808.00920
1507.00503
1711.00689
1810.10503
1802.07538
1810.11604
1810.11637
1810.11638
1810.11697
1203.2553
1211.2851
1810.12213
1803.01075
1810.12684
1810.12708
1709.03186
1805.01774
1810.06188
1811.00767
1709.06271
1709.05724
1810.07979
1709.09097
1811.03876
1805.05156
1712.06248
1810.08238
1504.05625
1801.07995
1711.06331
1811.07553
1803.02304
1811.08240
1811.08838
1804.10759
1809.10408
1604.07276
1811.10039
1811.11487
1409.0837
1811.12588
1811.12937
1812.00008
1812.00046
1808.05204
1609.00962
1704.01863
1705.09354
1710.07666
1811.09601
1812.01750
1507.05509
1709.06689
1807.11858
1812.03601
1812.03947
1812.04143
1812.04937
1808.04998
1812.05062
1811.06460
1510.04055
1711.00645
1805.12466
1811.00340
1812.02329
1804.03829
1812.07272
1812.07600
1812.07624
1812.07656
1812.09190
1812.09189
1612.04801
1806.10477
1812.09915
1308.0135
1805.09283
1812.10649
1705.06943
1812.10941
1606.01803
1703.05359
1812.11575
1807.08979
1901.01594
1801.09532
1809.08191
1901.03567
1801.03480
1801.03357
1901.04828
1801.05493
1803.04403
1901.03613
1802.06330
1806.08304
1811.10060
1901.06539
1706.03645
1510.07131
1803.10532
1701.05493
1901.08165
1901.08591
1806.11031
1610.08392
1901.04694
1901.09077
1809.02229
1901.09713
1805.05988
1805.12079
1707.06715
1901.10707
1901.11026
1708.06782
1710.05902
1902.00064
1712.07787
1801.09001
1812.11234
1902.00523
1902.00805
1607.03423
1612.06325
1803.00681
1902.03050
1902.03053
1902.04061
1802.09555
1902.03831
1902.04866
1902.05422
1902.05444
1902.05447
1902.05524
1902.06694
1902.05817
1806.06129
1902.06074
1902.06086
1802.08118
1810.03117
1902.06920
1508.01945
1902.07703
1902.07948
1902.08666
1712.06310
1902.08881
1704.04747
1902.09375
1902.09498
1902.09816
1902.10436
1810.02941
1902.03778
1902.10863
1605.00490
1811.00434
1903.00929
1705.04296
1202.2697
1705.07088
1903.01750
1903.02141
1903.02607
1903.02668
1903.02991
1805.04126
1903.03839
1903.03914
1903.03926
1903.04435
1708.05274
1712.05363
1903.05777
1609.08086
1702.02529
1710.04799
1903.06982
1903.07030
1903.07151
1903.07964
1903.08430
1411.7982
1903.07472
1903.10003
1709.09728
1903.10961
1804.02203
1903.11488
1712.02523
1402.7151
1710.04153
1810.08828
1904.00580
1812.11222
1904.01384
1904.01679
1904.05319
1904.02226
1709.09519
1806.02524
1904.04230
1701.07051
1904.04730
1708.05275
1801.03752
1810.11300
1812.03583
1904.05852
1904.06091
1610.09640
1801.05065
1904.07708
1708.06583
1803.07897
1808.08020
1707.01677
1904.08083
1904.08413
1611.02267
1904.09797
1904.10340
1904.10659
1904.10805
1805.01264
1904.07004
1904.11736
1807.09554
1712.07218
1904.09966
1501.04658
1711.10455
1807.10637
1811.03993
1806.06873
1510.03546
1805.07670
1811.10344
1706.06530
1709.06434
1902.06109
1806.04804
1807.00766
1904.12974
1905.03393
1904.06594
1905.05625
1605.00662
1801.07504
1904.04401
1905.06160
1905.06195
1905.06243
1905.06519
1905.06671
1905.07181
1905.07600
1905.07919
1905.08434
1710.08685
1905.09151
1905.10443
1905.09617
1905.10277
1501.05799
1503.02116
1904.04965
1607.06529
1901.00323
1906.00259
1704.03389
1906.00921
1906.01322
1906.01589
1305.7175
1803.06651
1809.08981
1906.01636
1906.02690
1701.05139
1801.04820
1906.03386
1610.10085
1906.03904
1906.04248
1811.07177
1808.06168
1906.05430
1906.05443
1906.06274
1906.06292
1906.02056
1811.11966
1905.07927
1804.08920
1812.05765
1906.09203
1906.09440
1807.05423
1809.11043
1906.00172
1610.09741
1902.09218
1906.11977
1209.3423
1712.00850
1609.01394
1907.00372
1901.05080
1706.02763
1806.01800
1902.09391
1906.09006
1907.02574
1907.02695
1907.02904
1605.01586
1907.03301
1907.03686
1907.03836
1907.03837
1907.06585
1907.03923
1907.03992
1904.01877
1710.02230
1905.03376
1607.03066
1611.01654
1809.03613
1904.01549
1907.07970
1907.09933
1907.08162
1907.09015
1907.09216
1907.09412
1907.09416
1812.04036
1903.03960
1903.10592
1907.09666
1907.09901
1907.09963
1907.10378
1902.04555
1604.08580
1610.07589
1611.00562
1705.02163
1907.12496
1808.02920
1903.00295
1907.12877
1810.09714
1907.13541
1908.00931
1710.02246
1908.01360
1908.01655
1802.04343
1908.03268
1803.09378
1908.04132
1908.04184
1908.04287
1908.04380
1711.06169
1906.01011
1908.05074
1712.05094
1908.05876
1908.05880
1908.06201
1908.06879
1908.04949
1803.01664
1901.05087
1908.08488
1908.09121
1908.09192
1808.05545
1210.7437
1906.02310
1908.10064
1908.10660
1908.10987
1808.03858
1908.11453
1909.00069
1807.03266
1909.00172
1804.07402
1807.06000
1412.6930
1907.04714
1810.08570
1909.02259
1909.02524
1909.03384
1808.02650
1708.00833
1909.04875
1812.04402
1902.02387
1907.05114
1808.09045
1404.7340
1804.09462
1708.00834
1806.10353
1909.07639
1909.08419
1909.08429
1608.05314
1904.00161
1909.09333
1909.09796
1909.09854
1506.04887
1903.10034
1708.00846
1909.11777
1803.06086
1808.05060
1904.06719
1909.12757
1810.10075
1610.00808
1910.00539
1910.01220
1910.01223
1808.09834
1910.01422
1910.01776
1910.02540
1211.2309
1910.03542
1811.11333
1611.00754
1910.05617
1910.06165
1910.05172
1903.00081
1902.05788
1910.09148
1910.09423
1910.09816
1910.10286
1910.10676
1910.12371
1711.05903
1910.12517
1910.13278
1910.13417
1910.13557
1805.10751
1905.09580
1910.13735
1911.00130
1605.09699
1610.07628
1212.5853
1911.01341
1911.02478
1911.02631
1703.08047
1911.04075
1607.06345
1911.05141
1911.04704
1312.3178
1609.04597
1612.04561
1707.08049
1811.05876
1703.00150
1903.01639
1812.09751
1910.03121
1904.03071
1904.06287
1905.10220
1908.07497
1911.08770
1610.05145
1706.06788
1911.09382
1910.09240
1807.11403
1910.05027
1911.11268
1810.13266
1901.10904
1911.11533
1904.08541
1911.12717
1911.12726
1911.12799
1403.5405
1908.10447
1911.02485
1911.13139
1912.00927
1912.04028
1910.11784
1911.10060
1905.13579
1912.02111
1907.02301
1912.04001
1610.07737
1706.07725
1812.10445
1912.05519
1912.10800
1912.05928
1809.05953
1912.06368
1912.00621
1912.07462
1804.06485
1904.10314
1912.07983
1810.04994
1807.02533
1912.08963
1912.10409
1904.03550
1912.12210
1912.11655
1906.09173
1911.09048
1907.05104
1602.08253
1912.12658
1912.12709
1912.12901
1912.13168
1605.03934
1905.04644
1906.01143
1907.09927
2001.00284
2001.00319
1808.08513
1909.10822
1706.07526
1904.11307
1812.05332
1912.11397
2001.03474
2001.03746
2001.03820
1711.06649
2001.04165
2001.04339
1901.10717
2001.04730
1712.00904
1804.03241
1806.08197
1812.08897
2001.02062
2001.05758
2001.05778
1906.11006
1711.00844
1908.01106
1910.06223
1911.00907
2001.07924
1904.12851
2001.08338
2001.08567
2001.08722
1607.00196
1906.09710
2001.09075
2001.09143
2001.09195
1712.08276
2001.10123
1812.10527
1904.05565
2001.11352
2001.11440
2001.11477
1512.07577
1804.03527
1910.00769
2002.00383
1911.13266
2002.01130
2002.01395
1702.07957
1909.09624
1703.01130
1807.04155
2002.04466
2002.02762
2001.02874
2002.04790
1305.7447
2002.05881
2002.05985
2002.06004
1612.06980
1812.07599
2002.06671
1903.03890
1808.09898
2002.08234
1805.00294
1504.04007
1806.06082
1910.01014
2002.09241
2002.09873
1905.01148
2002.10334
1909.13835
2002.12813
2001.00314
1612.09530
1805.11062
2003.02124
2003.02021
2003.02058
1810.01383
1810.05717
1904.06987
1904.08909
1909.08826
1903.01211
1910.02905
2003.04610
1902.10212
2002.05811
1808.06104
1811.07830
2003.06375
2003.07635
2003.08113
1909.10211
2003.08819
1812.05432
2003.09713
1811.12255
2003.11950
1902.08720
1910.06531
2003.12514
1801.06488
2003.13023
1907.00933
2003.11541
2004.01688
1805.07002
1906.05222
2004.02479
1909.10855
2004.04183
1711.06118
2004.04694
1901.09461
1910.06510
1911.04260
2004.05464
1810.11188
1907.01999
2004.00731
2002.12817
2003.11852
2004.05907
2005.06962
2003.01387
2004.08271
2004.08516
2004.08684
1710.06084
2004.08741
2004.08964
1901.09580
2004.09697
2004.09699
1902.08239
2004.10482
2004.10513
2004.11519
1906.01144
1804.08585
1808.09905
2004.12937
2004.13711
1904.01452
2004.14220
2004.14286
2004.14731
2004.14895
1905.00797
1907.04973
1706.07152
1908.05668
2005.01110
2005.01340
2005.01715
1808.04810
1908.02633
1812.00652
1903.05555
2005.03601
1807.02650
1810.10068
2005.05243
2005.05384
2002.11480
2005.05844
1901.01619
1909.13284
1809.09290
2005.07738
1810.06037
1909.07620
1909.07965
2005.06642
2005.08714
2005.09063
2005.09135
1112.3076
2003.10105
2004.03709
2005.10015
1911.09364
2001.05450
1711.03451
1809.10621
1910.06103
2005.11322
1911.09346
2005.11518
1510.04339
2001.01909
2005.12130
1805.08927
1903.09192
2005.13381
1901.03606
1910.03029
2005.13944
2005.14104
1811.10528
2005.14492
2005.14628
2006.01628
1908.07021
2003.09975
1510.04969
1609.03944
1704.08386
1805.04346
1808.01704
1808.08687
1811.00214
1904.04159
2006.02223
1801.02775
2003.07858
2006.03139
1906.03246
1908.08225
2005.07183
2006.03251
2006.04006
2006.04230
2006.04542
2005.04334
2005.01894
2006.06232
1808.04902
1811.08077
2006.07077
2001.05577
2006.07636
2004.09999
2006.07371
2006.07866
2006.07997
2006.08479
2006.08945
2006.09210
1911.08781
2002.06055
1901.08264
1903.10861
1903.12647
2006.10851
2006.11189
2001.08638
2006.01403
1802.03546
1810.08752
2005.12049
2006.12308
2006.12313
1702.02681
2004.06572
2006.13705
2006.14495
2006.15996
2006.15188
1907.00375
1811.09532
2005.04831
1912.12947
2006.15836
2007.00624
2008.05302
1702.04475
1811.00420
2001.08191
2007.01235
2007.01588
1902.02551
2001.04774
2007.04788
2007.05622
2007.06450
2007.05669
1911.02630
2006.05112
1808.09835
1904.00886
2006.00711
1907.11234
1911.04790
2005.09789
1711.00037
2004.09654
2007.09967
2007.10277
1908.03546
2007.12162
2007.12716
1903.02669
2006.01631
2007.14345
2007.14442
2007.14505
2007.14784
1901.04577
1906.08737
1910.02305
1112.0040
2008.02394
1803.07254
1804.02114
2008.05295
1909.01631
1911.11837
2008.03474
1911.01267
2001.10757
2008.04199
1808.01816
1812.11952
1708.04777
1912.02769
1812.09661
2008.09906
1703.09050
2003.00929
2003.08610
2008.09081
2008.11179
2008.11323
1710.01465
2008.12175
2008.12994
2006.12688
1911.11469
1812.03439
2008.06159
2009.00405
1902.00355
2008.11467
1909.13564
2009.02013
2009.02303
2009.02966
1712.02652
1904.12182
2007.11708
2006.10375
2009.05390
1804.01345
1812.04563
1901.08051
2004.01313
2009.06127
2009.06690
1411.3827
1905.05636
2009.06832
2009.06835
2009.07320
1804.00879
1911.07271
1912.03774
1903.10392
2007.14263
2009.09063
2002.02294
1403.4381
2002.05943
1607.00668
2007.16180
2009.11969
1911.08986
2002.04336
2009.12241
2003.01964
2009.12815
1804.05045
2007.06536
2001.01254
2010.01067
2010.01623
1901.04537
2010.02958
1910.04012
2010.04393
2010.05242
2010.05284
2005.11309
2008.11912
2010.04622
2010.06493
1603.06717
2009.09273
2010.07138
1908.02049
2008.10307
2004.04404
2010.10485
2010.10636
2002.02204
2007.01716
2010.11293
2006.12416
2010.11582
2010.12029
1909.04950
2010.13208
1911.10169
2010.14313
2010.09837
2010.12534
2010.14792
2010.14869
2010.15182
1712.06469
1905.05744
2003.00319
1801.00321
1904.09091
2011.00729
1312.3881
1412.8459
1501.02161
1506.07341
1604.08480
1606.03826
1904.11312
1905.10119
2002.09969
2008.00486
2011.00437
2008.09798
2011.01547
1910.02401
2003.04827
2003.13959
2007.05321
2011.03027
2011.03035
2003.06865
2010.02020
1910.11620
2011.04603
1911.04630
1808.09738
1901.08657
1912.12483
2011.06903
1711.00802
2004.14902
1907.04657
2006.05058
2011.09345
2011.09557
2011.11165
2011.11607
2011.11747
2005.02360
2011.12106
2011.12129
1801.02343
2011.12723
2002.11232
2011.13070
2011.13408
2011.08897
2011.13881
1912.04328
2011.14357
2011.14796
2007.04485
2011.13448
2012.00939
1809.10965
2011.08561
2007.02134
2012.03258
2004.00187
2005.01135
2012.04246
2012.04317
2012.05171
1907.10025
2012.06997
2012.07838
2012.07896
2012.08043
2012.08268
2012.08669
1803.09611
2010.13361
2012.10817
2012.11136
2012.11800
2009.09486
1909.00538
1909.13713
2012.14042
2012.14483
2005.07937
1303.2500
2002.00298
2012.15703
2101.02031
1912.04957
2001.06273
2008.03199
1909.02361
2010.06673
2011.13839
1907.05537
1809.03243
1910.00689
2005.06682
2101.04015
2003.02254
2101.04404
2010.11276
2101.05210
2101.06176
1912.06301
2001.10646
2101.06734
2101.07777
0907.1359
1810.04306
2006.14022
2101.01957
2008.12433
2101.08727
2101.08805
2007.07576
1905.07612
2101.09966
2101.10361
2101.10389
1912.12490
2101.10480
2101.10481
2101.10482
2101.10489
2101.10491
2005.02975
1911.11682
2006.16536
2102.00255
2102.00276
2003.13307
1911.02204
2010.09111
2102.01553
2102.01566
1805.05248
1901.08966
2004.06392
2005.05956
2102.03181
1812.06242
1812.07521
2102.01794
1812.03932
1911.12120
2005.09559
2011.11333
2102.04099
1711.03160
1904.00166
2102.04818
1902.09182
1711.03670
2102.05190
1911.11527
2005.07968
2011.12501
2102.07042
1411.3183
1702.08822
2007.06895
2010.12425
2012.03125
2102.08051
2102.09787
2102.09834
2006.09711
2012.11388
2102.11317
1410.6127
2102.11820
2102.12158
2102.12363
1901.09276
1905.09620
2010.09216
2101.04531
2102.12931
1812.02452
2102.13246
2102.13321
1909.12819
2002.01037
2103.00278
1709.09935
2005.06304
2008.11766
2103.01364
2103.01441
2103.01561
2103.02001
2010.14736
2001.00785
1907.03977
1907.10981
2008.03758
1809.00499
2004.06854
2006.10890
2007.03385
2103.04560
2103.04793
1911.09141
2103.05412
2103.05414
2012.04537
2103.06155
1911.09594
1708.09632
2102.04045
2103.07572
2102.04386
1905.05620
2103.08379
2103.08655
1905.06281
1911.02454
2012.08370
2103.08839
2103.09000
math__0605304
2103.09549
1801.03467
2003.11261
2010.06319
2010.13598
1905.11448
2005.05271
2103.11722
2103.12387
2103.12482
1809.01734
2006.04452
1707.09691
2006.11720
2103.12762
2103.15785
1911.04345
1912.11320
2002.12918
2104.00666
2104.01475
1905.01183
2012.02167
2104.02887
2104.03826
2104.03832
2104.04425
2104.04924
2104.05616
2104.05650
2104.06362
2104.06537
2001.10088
2104.07090
2104.07747
1705.05017
1807.00153
2102.00999
2104.08999
2104.09421
2104.09601
2102.12250
2104.09975
2007.04099
2101.06234
1906.01491
2104.11860
2012.00853
2104.12188
1806.03158
1910.03178
2101.04238
2104.12662
2104.13006
2104.13239
2104.13487
2002.08571
2007.12735
2104.14021
2011.14552
2104.14877
2004.14233
2007.00588
2105.00283
2105.00399
2105.00701
2105.01135
2105.01462
1710.10685
2105.02159
2105.02285
2105.02549
2105.02561
2002.04901
2105.04095
2105.05006
1909.04304
2006.15068
2105.05372
2008.02368
2011.07543
2102.06410
2011.14335
2105.06933
1906.00517
2105.07234
1909.05476
2001.09643
2010.11173
2105.07888
2103.01156
2105.08332
2012.11648
2105.09604
2105.09731
2105.10531
1808.04552
2008.09029
1811.11654
2105.11331
2007.02900
2105.11736
2105.11884
2105.11943
1711.03394
1903.02438
2001.00908
2006.08022
1710.06461
1905.07460
2105.12905
2009.14145
2104.00367
2101.00942
2101.03647
2105.05108
2101.01460
1904.02506
1908.05446
2008.07158
2010.00319
2106.01878
1907.01454
2105.08152
2106.02873
2106.03061
1701.02152
2106.03606
2106.03652
1704.04729
1708.02796
2105.14654
2106.04132
2102.08290
2106.05334
2009.12432
2006.01376
2106.02706
2103.16907
2106.09107
2103.01613
2106.11758
2106.10490
2106.10742
2003.13798
1711.06898
1901.09031
2001.04419
2007.01366
2106.11458
2002.05924
2002.10536
2106.12437
2106.12490
1806.06995
1901.01453
2006.02978
2006.08269
2010.05433
1807.04470
1811.05442
1910.12059
2106.15861
2004.04279
2009.08763
1805.07635
1809.01282
1912.13160
2006.03505
2107.03787
2107.03880
2008.10677
2107.04417
1911.00818
2003.02935
2107.06079
2107.06444
2008.00515
1911.04303
2107.07993
2008.03643
2107.08501
2006.09408
2105.13286
2107.10734
1910.03369
2107.09386
2107.10092
2002.09991
2107.10543
1903.00282
2107.10982
2107.11301
1904.12853
2107.11753
2107.11796
2107.11797
2107.11898
1603.06557
2102.11913
2107.12241
2101.10989
2107.13667
2107.13698
2107.13989
2107.14031
1907.10365
2107.05883
2012.14641
2107.13747
1808.03511
2006.07715
2108.03153
2108.03415
2108.03416
2012.10157
1908.04599
1906.12275
2001.09940
2005.10496
2008.09924
2007.00634
2105.12316
2002.02860
2108.06168
2108.06288
2108.06690
1702.08279
1709.04278
1809.00727
1906.07215
2108.07985
2108.08345
2105.04251
2108.08413
2108.08522
1809.05610
2102.05192
2108.04596
2108.09155
1712.03300
1912.08696
2108.11137
1009.0234
1905.02888
2108.11952
2008.07846
2102.05877
2109.00344
2108.06642
2108.12728
1110.2013
2108.13745
2109.00196
2109.00589
1803.04247
2109.00878
2109.01017
2109.01249
1808.04915
2109.01354
2109.01513
2005.05284
2105.13642
2109.02068
2003.10245
2011.12600
2107.05718
2109.03193
2109.04239
2012.08442
2101.10797
2107.09581
1901.05731
2109.05745
2109.06278
2103.02801
2107.13367
2109.11631
2109.07172
1808.00937
1910.03752
2105.02639
2109.08064
2109.08831
1706.06866
2109.04291
1806.08645
2109.10996
2109.11381
2008.01658
2109.12099
2010.07926
2105.01690
2109.12954
1802.02549
2102.07513
2109.14110
2109.14123
1706.06778
1911.11720
2007.00670
2011.14931
2107.11086
1810.08184
2110.01138
1804.00581
2110.02476
2110.02574
2110.02804
2005.05311
2108.07964
2109.07065
2101.01248
2006.01399
2108.11786
2102.02939
2108.01564
1907.03364
2008.03538
2110.08311
2110.08804
1912.00214
2110.06916
2110.10559
2110.10589
2110.05327
2110.12597
2008.02126
2110.14280
2110.15518
2110.00930
2111.00158
2111.00439
2107.13042
2111.00877
1910.08193
2006.06016
2111.02184
2007.13367
2004.14361
2106.14743
2111.03502
2001.05432
2111.03850
2105.04958
2003.10499
2103.04878
2007.02743
2110.11061
2111.05998
2111.06233
2111.06378
2111.06522
2111.07461
1809.00275
2109.07728
1509.07915
2103.06491
2106.07890
2108.12697
2104.01816
2109.03122
2111.01000
2111.03460
1907.05394
2111.11579
2111.12117
2111.12508
2105.10822
2111.13542
2010.15722
1807.10671
2111.14293
2111.14419
2111.14656
1710.02028
2104.09840
2111.13837
2112.00205
2112.00211
2112.00483
2112.00603
2110.09381
2112.00981
2004.10740
2009.03389
2110.06792
2112.02940
2103.01066
1912.09457
2112.04599
1809.02356
2009.14023
2109.12708
2012.02886
2112.06034
2112.06092
2112.04927
2004.02017
2112.06445
2112.06818
2112.06859
1912.04130
2005.01626
2106.14135
2103.16770
2006.09407
1708.07540
2112.10198
2012.15774
2102.00096
2103.15150
2112.11145
2112.11633
2112.11954
2103.14159
1812.03255
1909.11724
2112.12977
2112.12993
2112.13290
2004.09611
2112.13402
2112.13421
2009.07223
2103.08686
2112.13472
2112.14051
2112.14751
2004.08487
2201.00595
2004.11341
2010.07008
1902.06245
2008.11248
2103.01326
2112.10052
1809.05892
1910.00559
2101.05575
2201.01967
2201.02147
2201.02224
2103.06687
2109.11954
1805.03805
2005.08522
2201.03069
2201.03466
2201.03952
2004.12761
2007.11059
2110.06567
2112.02155
2201.04744
2102.01104
2102.07554
2006.10537
2201.05992
1702.00224
2105.12688
2201.06408
2201.06520
2012.03863
2104.13610
2201.05350
1905.07429
2107.06746
2201.05542
2008.01948
2201.09401
2006.01905
2112.06015
2201.09930
1903.03245
2010.05378
2201.10537
2102.09789
2201.10710
2112.11518
2201.11273
2101.12064
2111.06965
2201.12645
2009.14091
2201.04076
1805.03816
2011.01702
2202.01573
2005.04853
2103.11543
2102.03449
2202.03659
2202.04443
2202.04543
2010.04961
2202.05312
2202.05322
1811.02710
2108.11304
2202.06302
2202.06628
2202.06711
2202.07067
2202.07613
2202.07786
2202.08018
2202.08130
2202.08212
1911.07402
2010.15490
2103.07657
2202.09910
2004.04526
2202.10278
1905.10690
1908.08944
2009.04377
2202.12113
2112.00341
2202.12772
2202.13132
2202.13148
2202.09220
2202.13398
1903.10686
2009.09195
2102.12934
2203.00072
1911.01905
2101.02791
2108.00390
2203.00792
2009.10980
2203.01067
2005.03376
2203.03403
2203.03572
2203.03748
1803.01376
2105.10143
2203.05162
2203.05500
2203.05751
1907.02961
2203.08783
1908.02202
2203.09133
2111.08653
1503.00991
2203.10711
2203.11392
1711.06946
2109.07418
2203.11845
2203.12022
2203.12068
1909.07133
1911.06214
2203.12490
2106.08896
2203.13622
2001.09736
1410.5675
2109.03411
2203.14829
2203.15096
2203.15701
1906.03435
2002.03570
2006.16624
2105.11202
2009.14093
2107.08612
2110.14192
1904.05691
2102.06654
2102.08996
2103.17141
2204.00336
2204.00948
2204.01032
2010.12057
2204.01634
1908.08034
2204.02009
1902.03625
2105.03038
2105.08479
2202.06805
2203.05345
2204.02551
2204.02749
2204.02927
2109.09836
2204.03389
2204.04920
2204.05661
1906.09169
2009.05545
2204.07606
2001.09800
1912.06726
2204.08794
2009.12301
2204.09285
2110.07072
2204.10015
1807.06832
2204.10630
2204.10708
2201.08016
2204.11152
2205.06651
2010.00681
2107.13901
2109.13163
2204.11800
2204.11931
2103.16394
2202.00121
2204.11319
2204.13642
2204.13795
2009.12670
2112.15515
2205.00486
2009.10041
2103.07876
2105.11613
2205.00798
1805.07749
2203.07194
1909.11399
2004.06238
2012.05190
2003.00071
2010.16226
1909.12203
1911.01332
2106.14094
2202.07582
2108.03537
2205.09206
2205.09260
2205.09264
2205.09267
2205.09660
2110.13105
2205.10446
2104.11399
2112.10288
1911.00259
2005.13861
2205.12235
1804.08710
2204.00295
2205.12666
2203.12087
2205.13336
2205.13686
2205.15240
2108.05856
2205.15887
2004.14181
2108.00269
2206.00660
2206.01180
2112.08695
2201.06782
2206.00849
2206.00949
2206.01045
2206.01113
2206.01902
2010.10264
2206.02689
2109.04461
2206.03169
2104.13848
1910.08455
2003.06663
2206.08151
2007.01817
1906.02941
2111.01250
2104.12498
2111.01095
1912.13495
2206.09658
1910.04117
2010.10656
2104.01841
2206.10755
2206.11244
1910.01454
2206.10060
2206.11429
2206.12075
2010.10229
2206.12724
2111.09080
2202.13899
2206.12855
2206.13643
2206.13725
2001.00780
2207.00075
2207.00457
2206.02744
2105.10811
2207.01232
2207.01366
2012.04963
2204.10918
2206.01416
2207.03261
2104.01057
2104.08895
2201.01136
2207.04731
2010.14221
2102.02198
2207.05702
2207.06149
2207.07017
2207.07147
2109.01430
2207.03636
2207.08103
2008.11913
2106.04703
2201.00192
2206.01994
2207.09244
2102.04281
2207.10902
2207.11115
2207.11338
1808.05415
2207.11994
1910.02357
2205.11056
2207.12983
2110.03644
2203.16179
2207.13465
1908.00649
2207.14608
2208.00073
2108.00412
2207.02686
2208.00143
2104.00162
2208.01117
2208.01133
2103.06003
2012.15718
2202.06217
1908.01215
2202.10819
2208.04228
2001.00156
2208.03579
2201.09819
2204.05458
2207.03369
2105.01724
2208.06381
2107.12472
1903.01152
2112.13654
2208.06978
2208.07005
2208.07028
2208.07350
1505.01766
2101.04582
2208.08203
2208.08339
2103.03974
2107.09478
2109.01512
2110.05898
2208.09509
2208.09516
2208.10042
2112.02873
2208.07351
2208.13735
2105.13166
2208.12703
2208.12704
2208.13088
2208.13242
2208.13282
2102.06275
2104.09897
2107.12464
2201.07723
2208.13758
2208.13852
2208.13897
1908.10200
2003.05392
2011.13962
2101.09363
2208.13937
2208.14395
2208.14529
2208.14716
2107.02372
2208.14992
2209.00694
1902.01225
2209.01144
2208.00809
2203.10549
2209.01663
2203.03249
2209.00337
2209.02400
2203.12478
2209.04125
2209.04169
2106.12975
2209.08158
2209.05404
1705.04960
1911.00074
2206.11630
2209.08658
2209.09351
2209.09376
2107.13623
2203.15849
2108.03545
2207.13379
2112.08829
2209.11986
2011.03313
2106.03660
2209.13944
2209.13510
2209.14496
2209.14728
2201.08000
2209.15513
2209.15538
2209.15630
2112.10072
2210.00505
2109.05111
2210.00748
2210.00792
2010.04957
2202.13659
2210.01304
2210.01522
2206.15271
2207.08324
2206.03911
2208.08313
2208.11332
2210.03490
1511.04070
2112.14386
2209.09679
1611.04079
1612.05139
2210.04678
1911.05914
2210.05120
2210.05527
2210.07753
2011.02137
2103.00094
2107.02374
2107.03731
2107.07743
2005.10621
1809.08006
2202.06057
2210.08945
2106.14066
2110.04591
2210.12419
2210.12822
2204.06123
2210.14332
2210.14337
2102.09065
2207.09702
2111.04488
2211.00571
1904.01081
2101.09100
2103.05191
2105.03252
2105.04237
2105.04355
2105.05422
2105.06332
2105.09257
2105.12282
2106.10094
2107.01778
2110.05985
2211.01782
2211.01826
2211.01947
2211.02387
2111.09120
2211.03076
2211.03104
2112.12708
2102.06146
2208.02928
2211.03822
2211.05004
2211.05157
2211.05260
2012.13790
1911.06640
2208.06863
2211.06587
2211.08550
2108.02473
2202.09293
1905.11296
2107.07621
2211.09652
2211.11370
2211.11985
2211.12531
2211.13197
2010.10069
2211.13679
2002.12331
2211.08436
2211.13855
2211.14421
2211.14600
2211.07721
2211.14696
1312.5619
2109.05369
2204.01910
2211.16099
2211.16896
2211.17261
1306.3215
2212.00542
2212.00831
2110.13667
2212.02607
2212.03647
2202.01271
2212.04963
2005.11597
2212.05453
2212.05567
2002.06640
2006.07843
2111.00147
2010.00266
2212.06615
1709.00658
2204.09584
2212.07064
2212.07390
2011.10413
2206.09646
2212.08520
2212.09138
2103.14482
1907.12578
2202.02201
2212.09964
2212.11082
2212.11693
2212.11764
2212.11865
2010.13664
2212.12524
2212.12564
2203.10331
1910.06094
2111.02665
2110.08606
2202.05496
2212.14000
2212.14598
2301.00305
2207.03363
2301.01034
2301.01199
2106.16011
2202.07351
2101.09538
2211.15392
2301.02583
2011.04729
2203.04351
2105.00772
2301.03123
2204.06992
2208.10034
1801.07404
2301.04975
2205.11054
2207.07353
2003.13039
2204.00829
2203.08525
2211.15754
2207.07063
2301.07578
2209.13662
2301.08672
2108.04304
1911.01895
2301.10039
2301.10318
1805.05378
2205.15185
2207.01371
2209.03879
2301.10464
2301.10751
2206.09394
2301.10952
2301.11740
2103.11508
2011.00412
2301.12722
2301.13167
2110.01130
2201.11747
2301.13780
2302.00050
2205.15486
2301.09847
2302.00430
2302.00729
2302.00744
2202.02493
2210.12021
2302.02757
2302.03123
2302.03691
2204.02284
2302.04036
2302.04207
1807.00469
2302.04921
2207.12012
2302.04402
1906.11468
1707.07353
2302.06515
2106.12237
2204.06055
2302.06851
2201.10033
2302.07855
1810.12612
2003.11757
2004.12760
2102.09736
2203.00496
2210.08663
2104.02767
2207.05740
2210.04636
2212.09060
1710.08068
2302.09354
2206.12096
2302.11202
2212.11323
2302.12206
2302.12870
2101.07819
2208.00314
2010.08960
2203.05331
2203.08018
2207.08378
2301.00700
2102.01663
2107.00498
2001.02288
2007.07752
2303.00567
2303.01281
1703.05377
2103.15265
2303.02065
2303.02696
2303.03213
2303.03436
2208.03893
2211.08118
2303.03653
2303.03867
2303.03970
1805.07004
2105.01814
2205.01391
2207.01378
2303.04306
2101.00077
2303.05188
2303.06206
2302.02035
2303.06646
2303.06781
2102.00634
2202.00084
2303.06843
2009.07302
2303.07134
2303.08614
2303.08894
2302.14474
2303.09537
2303.09670
2211.10932
1812.10586
2110.08739
2004.12953
2211.07129
2210.02146
2303.11796
1907.12194
2012.03006
2110.03138
2303.13274
2303.13480
2303.14231
2002.11608
2209.15606
2303.14687
2303.14754
2303.15054
2206.00709
2303.16419
2207.13452
2303.17575
2110.06613
2106.15042
2204.12962
2210.00371
2211.05861
2304.02928
2304.03332
2304.03725
2304.03751
2303.08125
2304.03260
1807.04305
1411.0898
2304.05101
2006.05099
2304.05965
2201.09589
2304.06633
2101.00050
2304.07539
1810.00749
2012.05056
2210.07348
2304.08334
2007.12982
2206.08857
2304.09216
2304.10956
2205.13356
2304.11348
2304.11544
2012.06098
2201.13400
2207.07200
2208.02476
2209.08022
2109.13702
2304.13470
2304.14023
2304.14128
2304.14681
2305.00272
1609.06785
2208.03453
2305.00947
2305.01041
2202.07069
2207.03254
2305.02308
2002.03132
2210.01720
2201.08963
1006.0048
2210.13640
2010.07416
2206.00698
2305.04601
2305.04659
1905.11288
2305.01357
2305.05361
2207.08487
2305.06288
2109.11278
2305.03581
2008.01706
2303.03813
2305.03421
2202.06394
2207.10041
2210.02699
2305.08795
2305.00167
1804.00993
1501.02503
1812.02935
2103.03105
2305.13537
2201.03046
2305.13638
2305.14138
2305.15139
2305.15204
2305.15279
2301.06165
2305.16281
1904.04097
2302.09752
2306.11659
2201.01236
2305.18230
2305.18463
2305.19042
2006.14852
2306.00509
2306.00853
2306.01625
2010.12172
2105.05198
2107.11037
2208.08722
2302.07852
2304.14457
2212.13541
2306.03817
2205.00983
2212.07135
2306.04534
2306.04816
0809.4221
1705.07442
2305.13129
2306.05337
2303.11978
2306.06540
2306.06619
2302.10321
2305.06714
2306.07091
2306.07360
2105.15167
2207.13816
2306.08231
2306.08351
2306.08508
2101.05931
2206.08546
2209.09442
2304.08671
2306.06436
2306.09721
2306.09745
2206.15337
2203.01788
1904.00376
1905.08877
2306.13350
2306.13597
2008.11302
1909.03518
2304.13580
2306.14762
2306.12683
2207.05184
2306.16603
1711.08639
1801.03324
2106.00190
2307.00177
2302.05233
2105.06832
2307.00768
2305.19799
2307.01498
2307.02843
2203.08591
2301.08418
2011.14056
2110.03669
1805.00469
2201.03488
2302.07810
2306.10120
2307.04383
2205.10917
2007.01842
2307.05980
2307.06043
2307.06748
2305.00893
2307.07259
2211.01132
2306.06616
2304.06863
2307.08183
2307.08409
2009.10024
2105.04622
2307.09229
2307.09289
2312.00831
2211.00380
2303.16793
2305.06112
2306.13330
2009.02428
2307.12391
2301.00961
2303.05677
2307.13379
2307.13749
2307.13822
2307.13866
2003.01401
2307.03978
2210.08558
2307.15937
2202.13439
2103.00938
2201.12878
2203.06596
2204.09547
2205.00842
2206.03868
2206.04547
2206.09678
2207.06765
2209.09509
2307.16552
2307.16553
2308.00861
2305.15229
2308.01662
2308.01767
2205.09854
2302.06192
2308.03201
2009.13610
2207.13589
1910.04141
2108.09251
2308.04584
2110.00239
2308.04747
2308.04810
2206.14629
2308.06336
2308.06640
2308.07220
2308.08026
1708.06087
2308.08519
2109.06231
2209.12575
2308.06574
2308.09148
2308.04531
2308.09449
2308.09806
2206.11247
2308.09986
2308.14758
2307.09100
2212.02300
2305.08064
2309.12816
2303.14049
2006.06472
2110.05138
2210.00265
2301.13406
2308.14455
2308.14661
2306.15958
2308.15017
2010.01072
2308.16232
2109.11934
2308.16838
2308.16843
2209.01128
2305.02293
2005.12954
2211.02520
2304.08836
2205.15297
2212.11079
2309.01044
2309.01260
2010.11287
2308.01266
2309.01757
2108.11431
2306.02219
2308.15792
2309.02116
2309.02522
2308.16030
2106.11115
2309.04075
2309.04135
2309.05355
2309.05591
2305.16667
2309.06637
1801.02927
2106.01868
2111.05918
2301.07511
2309.00337
2309.00708
2005.06019
2006.07191
2309.09761
2005.04778
2302.02484
2011.11042
2104.05517
2309.10585
2309.11953
2303.10331
2309.12791
2111.11311
2309.14896
2007.01642
2309.15331
2309.15544
2309.15579
2106.15540
2211.05589
2310.00279
2310.00502
2109.10827
2012.08447
2303.02636
2303.11845
2304.09000
2206.12448
2308.16090
2310.03207
2304.01150
2310.03503
2310.03839
2310.04587
2202.11023
2310.05550
2310.05568
2309.16404
2310.07055
2101.06660
2111.06512
2301.05730
2307.11931
2307.13358
2310.07785
2208.04536
2303.04493
2310.09220
2310.09264
2107.02046
2204.08351
2209.00161
2308.10815
2106.02142
2201.00740
2310.11006
2310.11172
2204.01082
2207.07031
2304.03008
2310.12925
2011.13903
2109.00933
2004.07353
2211.04529
2105.04775
2310.15840
2310.16636
2208.06529
2303.07306
2310.17349
2310.17354
2310.18174
2310.18522
2207.04023
1805.03776
2310.19613
2207.04918
2210.01018
2310.20691
2311.00150
2311.00200
2311.00205
2211.04139
2311.01979
2311.02363
2311.02666
2108.06802
2209.03454
2308.01798
2311.03118
2311.03507
1910.12350
2311.03862
1501.00967
2301.03807
2301.10953
2311.04515
1910.14602
2011.07908
2212.12358
2307.03044
2311.05789
2311.07088
2311.07320
2311.07322
2311.07339
2311.07489
2006.03938
2211.04464
2304.04132
2311.08926
2001.03764
2102.01259
2208.02954
2210.13936
2311.10342
2311.10608
2206.03294
2303.02572
2308.06859
2304.02446
2308.11502
2309.12093
2310.00186
2311.12746
2311.12774
2311.13122
2311.13362
2209.05818
2212.03487
2308.01131
2311.13836
2301.04845
2305.10859
2311.15618
2209.13346
2301.13587
2112.11170
2209.10337
2303.11826
2304.14788
2311.18191
2311.18371
2311.18808
2312.00156
2206.02728
2312.00756
2104.08602
2201.03516
2212.04276
2202.08067
2203.08789
2208.00918
1601.04830
2112.12681
2312.03972
2312.04384
2201.07155
2310.13095
2312.05228
2011.02830
2312.06843
1809.06322
2201.10754
2206.00475
2312.04716
2312.06943
2312.07299
2209.00898
2303.00879
2303.12176
2309.08340
2312.07939
2303.03865
2303.11839
2304.00447
2305.02675
2305.02732
2305.02826
2305.02906
2305.05655
2305.11637
2306.17009
2307.14461
2312.11528
2401.05364
2401.09427
2005.01953
2210.07280
2311.17883
2203.12205
2301.05542
2310.10475
2312.10873
2312.10876
2312.12138
2201.05361
2305.16002
2311.12269
2312.13209
2312.14315
2312.12370
2312.17033
2312.07906
1905.10102
2309.06614
2204.01946
2401.00184
2401.00777
2401.01248
2202.02591
2202.02594
2401.01863
2401.01878
2401.02065
2401.02264
2305.16899
2312.12195
2107.12356
2401.03366
2210.07704
2301.00885
2311.05131
2401.05325
2204.02590
2301.05988
2305.04042
2306.12011
2401.06414
2401.06679
2401.07008
2403.10525
2211.07618
2401.08990
2401.09400
2401.10117
2401.10172
2401.10174
2301.09205
2212.01787
2401.09751
2401.11781
2401.11979
2401.12825
2401.13583
2401.14311
2006.01705
2104.12415
2111.07081
2203.12140
2308.06417
2312.02291
2211.15808
2311.01101
2401.16739
2401.17076
2401.17447
2211.14754
2401.18078
2112.11552
2302.09031
2305.01187
2305.02581
2311.11763
2311.18781
2402.00403
2402.00991
2402.02282
2402.02605
2112.12725
2208.02745
2303.09217
2311.14965
2402.02929
2206.06858
2310.02647
2401.02956
2402.03649
2307.10242
2309.05640
2402.04605
2402.05265
2308.01029
2401.02064
2403.18834
2402.07150
2402.07286
2310.08380
2111.14495
2104.07405
2302.01866
2309.06136
2402.08945
2403.18836
2301.02606
2402.10094
2012.08772
2105.12010
2210.04419
2305.01474
2402.11703
2210.02047
2301.09804
2305.06938
2402.12963
2402.13099
2210.00078
2402.10694
2402.14557
2212.10163
2006.01069
2301.13784
2403.19681
2210.08582
2402.18063
2302.09529
2306.15388
2402.19266
2212.06937
2304.14093
2403.01167
2304.10629
2403.01724
2403.01939
2209.02667
2403.02672
2402.19342
1702.06388
2403.04220
2403.05711
2305.03820
2205.00386
2311.18638
2204.00938
2403.08030
2403.08087
2207.08504
2403.08190
2403.17961
2403.09264
2403.09299
2403.09379
2403.09478
1908.10510
2209.06319
2403.10777
2306.08115
2002.00886
2403.12673
2403.12750
2403.13165
2205.11883
2208.08719
2212.09237
2403.14475
2403.14827
2212.10369
2403.15190
2403.16267
2403.16269
2402.04954
2107.09576
2207.02979
2307.01726
2403.17340
2403.17558
2403.18102
2312.12019
2403.18959
2308.12796
2403.19187
2403.19814
2403.05032
2404.01025
2404.01031
2404.01499
2105.10028
2011.08808
2203.06120
2303.09006
2404.02679
2404.02794
2304.13661
2404.03971
2308.02987
2312.14908
2404.04457
2404.04730
2212.14610
2310.05384
2404.05017
2006.09398
2108.04835
2404.05193
2302.13657
2303.05434
2311.14179
2312.01161
2404.06163
2404.06192
2404.06573
2310.16773
2404.06689
2404.06874
1910.13562
2309.01468
2404.08139
2404.08629
2308.05742
2404.11562
1912.10642
2305.15209
2404.12231
2404.12313
2404.12456
2404.12924
2404.13157
2404.15162
2403.19772
0801.2057
2007.01848
2404.14166
2404.14509
2404.14537
2301.11114
2404.15443
1712.03441
2404.16125
2304.10529
2404.17002
2404.17540
2404.17923
2104.03121
2404.18325
2305.03120
2404.18336
2404.18795
2306.11076
2310.08693
2311.17628
2404.19610
2404.19642
2210.00302
2405.00488
2311.15631
2312.13353
2405.01752
2405.02540
2306.08425
2405.03258
2405.03793
2405.03979
2110.14576
2302.07391
2405.04738
2012.15431
2101.09853
2210.06279
1710.06414
2310.19528
2112.02707
2306.00558
2208.05243
2111.05099
2202.12012
2311.14221
2405.10834
2405.12118
2305.19363
2405.13157
2405.13212
2405.13437
2405.13982
2204.11976
2210.04549
2211.12122
2403.06244
2405.14678
2305.02571
2210.11192
2405.16410
2405.16468
2302.06525
2405.16776
2405.17135
2109.06670
2405.17748
2403.03647
2207.00269
2306.07227
2206.01556
2405.20811
2406.00136
2406.00161
2406.00223
2205.12116
2403.18449
2406.01106
2406.01490
2406.01573
2406.02194
2406.02777
2406.02788
2301.08966
2306.10389
2406.03969
2203.15213
2210.01664
2406.05818
2104.11361
2406.04965
2204.02778
2405.02185
2405.19634
2405.03773
2406.08240
2406.19409
2406.10071
2404.08835
2406.11226
2406.12127
2303.17843
2306.13610
2406.13088
2406.13647
2406.13841
2310.18673
2402.16296
2404.15896
2405.06844
2406.15584
2406.15887
2308.10673
2012.15707
2311.10576
2301.03051
2406.17485
2404.00249
2404.03224
2406.18091
2406.18399
2406.18436
2307.13070
2406.11221
2406.19319
2309.08084
2407.01849
2209.12971
2211.02210
2311.11403
2302.05303
2407.03798
2407.03832
2407.04012
2403.15338
2304.05228
2402.14662
2301.00601
2407.05532
2003.05806
2407.06589
2407.07344
2407.07815
2312.13074
2406.18499
2407.08399
2104.04021
2107.09036
2407.10018
math__0606241
2407.06285
2407.10502
2407.18959
2107.03858
2310.00316
2310.08374
2407.11434
2407.11528
2306.11169
2310.08324
2407.12691
2307.08891
2407.13119
1809.01002
2010.09663
2407.14647
2406.19816
2305.08256
2407.15607
2407.18971
2308.08718
2407.16941
2202.12386
2208.12597
2209.01660
2401.00130
2407.18072
2407.19358
2012.14075
2301.04541
2302.13521
2403.09716
2407.19920
math__0603413
2311.02418
2401.02947
2407.20911
2407.21129
2404.15800
2407.21706
2406.16857
2407.10891
2408.00233
2408.00514
2408.00561
2408.01378
2105.11483
2211.04917
2302.04403
2309.01687
2209.10443
2407.21210
2408.02748
2408.02794
1603.06311
2210.08237
2408.03523
2408.03529
2401.17250
2408.04742
2109.12600
2311.18105
2408.04989
2408.05325
2408.05405
2408.05607
2407.15765
2311.11394
2401.01071
2408.07548
2408.07564
2401.04242
2408.08167
2408.16775
2302.04566
2307.16076
2312.00990
2408.08520
2408.08721
2408.08980
2408.09080
2311.16827
2408.10832
2408.12172
2408.13911
2110.01694
2210.13443
2306.16331
2401.09892
2404.08422
2408.13548
2408.15190
2405.01152
2407.16782
2408.15848
2309.10466
2311.02645
2408.16581
2408.16648
2307.12671
2407.06515
1907.00702
2409.01005
2409.01837
2408.07058
2409.02744
2210.00682
2303.07753
2408.10049
2409.03347
2409.03742
2311.15342
2409.05062
2409.03910
2409.05561
2409.05763
2203.16351
2212.00147
2401.13491
2403.03546
2202.08113
2404.12884
2407.20211
2409.10150
2409.10730
2402.10568
2401.16900
2409.11945
2301.06420
2409.12835
2410.01834
2307.00442
2403.06926
1211.0529
2311.18691
2402.01396
2407.17369
2409.15681
2409.16094
2409.16274
2409.16428
2305.05604
2406.02829
2409.01370
2409.18380
2409.18830
2312.09889
2409.19384
2311.00601
2404.08082
2409.20464
2012.03797
2405.00312
2410.00378
2410.00740
2410.00809
2410.02014
2304.12167
2406.08925
2410.02570
2104.08583
2407.13951
2410.04627
2302.06428
2403.03085
2406.13866
2410.04674
2410.05064
2410.05104
2410.05120
2410.05242
2111.15299
2410.05598
2410.06278
2206.14033
2307.06664
2409.08462
2410.07734
2410.07766
2107.11374
2302.05417
2209.14090
2410.09853
1909.10042
2410.11728
2404.06610
2410.12141
2410.13038
2410.13078
1612.09225
2305.10405
2403.03211
2404.01281
2410.14016
2304.12954
2110.03472
2410.08019
2306.15458
2410.02322
2410.15842
2303.11883
2410.16993
2109.09634
2410.17615
2410.17726
2410.17852
2410.18049
2106.13107
2409.10154
2410.19520
2411.00814
2105.05889
2304.11227
2410.20562
2201.11738
2402.10640
2410.20661
2410.21244
2410.21454
2410.21537
2410.17847
2410.21889
2410.22515
2404.07273
2405.00593
2410.23442
2207.02935
2407.18708
2410.19053
2410.23941
2111.09438
2405.08124
2411.01678
2208.07183
2301.08650
2410.02578
2410.22876
2401.02722
2410.05709
2411.02841
2411.02884
2411.03266
2411.03821
2406.11076
2411.04362
2411.04870
2112.14667
2301.01567
2411.05250
2411.05356
2411.05467
2411.05700
2411.05907
2209.11903
2411.06432
2411.06633
2203.07046
2303.16174
2305.11303
2407.12840
2408.15977
2402.01611
2408.13136
2411.08421
2411.08501
2305.07076
2404.01132
2411.10300
2411.10530
2411.10567
2312.01946
2408.06363
2303.14907
2402.04227
2409.16357
2411.13367
2411.13706
2406.15137
2411.14143
2306.04432
2406.05425
2411.14761
2411.15359
2304.06000
2411.15790
2411.15856
1810.06322
2410.23965
2411.17550
2409.00793
2410.02019
2411.17975
2411.18081
2411.18333
2411.18544
2411.18546
2411.18561
2411.19111
2310.15776
2404.08430
2406.15895
2411.07813
2411.19751
2411.19863
2307.11208
2412.01638
1806.05966
2303.12955
2412.03341
2307.01143
2408.17195
2411.01502
2412.04221
2408.07701
2412.04745
2412.05250
2412.15231
2405.00398
2405.19474
2411.09950
2412.05519
2212.09639
2306.08117
2307.00785
2411.03117
2411.16309
2412.07475
2105.01143
2211.12370
2305.01494
2401.13489
2401.13517
2412.08001
2412.08094
2306.17668
2403.16388
2404.15868
2412.09391
2412.07716
2401.09291
2412.11295
2109.01062
2311.18594
2412.03239
2412.11968
2404.09972
2412.13123
2412.13347
2405.16786
2411.07328
2202.08861
2412.14911
2412.15056
2111.00069
2303.11957
2412.15715
2210.12845
2404.14597
2412.17398
2412.17400
2112.09633
2407.05946
2412.19625
2412.19946
2411.10120
2412.20286
2303.16740
2412.20494
2412.20587
2412.20633
2412.20835
2412.20999
2412.21182
2501.00122
2501.00416
2501.01363
2102.12468
2406.12617
2501.01881
2501.01882
2501.02129
2103.14117
2406.15256
2301.11424
2310.01513
2411.15473
1908.01212
2401.08223
2501.05180
2304.05179
2501.14793
2406.13398
2501.06649
2501.06772
2405.13444
2407.02836
2501.07009
2501.07140
2501.07697
2501.14799
2408.07039
2111.10968
1602.03501
2306.17261
2212.07753
2308.11967
2406.02725
2501.10204
2501.10518
2308.15183
2501.10679
2501.10779
2210.17364
2501.08993
2108.04557
2310.15139
2403.00695
2403.15987
2407.20154
2501.06629
2501.12014
2501.12510
2501.07481
2501.12711
2310.19428
2410.06792
2501.13305
2501.14106
2106.14121
2210.01962
2401.14669
2501.14162
2501.14561
2307.01040
2304.11742
2411.05511
2501.16089
2304.03814
2501.16259
2209.08156
2412.03231
2312.17023
2403.17825
2404.00868
2501.17869
2401.14127
2211.02688
2408.03180
2408.04196
2411.12333
2111.09948
2402.04242
2502.03028
2306.02812
2405.12169
2502.03887
2502.04213
2411.04614
2502.05005
2502.05096
2311.02944
2310.00201
2502.05958
2208.08656
2402.19291
2502.04123
2502.06610
2110.04679
2409.00219
2311.11983
2402.00331
2410.01785
2411.18453
2502.09337
2308.05119
2501.02659
2407.11958
2409.09055
2412.00234
2502.10968
2502.11146
2303.01334
2502.11795
2503.00010
2309.15981
2502.12439
2502.12695
1912.10544
2301.00660
2502.13810
2412.20260
2502.14941
2411.11816
2502.16001
2406.15884
2405.03897
2502.10945
2502.16619
2309.08147
2312.12356
2410.22494
2502.17115
2408.03027
2502.17854
2502.18257
2502.18278
2502.18557
2501.05263
2502.18784
2502.20474
2310.02159
2408.07972
2502.20699
2502.20919
2502.20942
2502.21213
2502.21288
2307.16337
2503.01002
1910.11189
2107.02082
2401.08078
2302.14153
2503.03445
2503.03727
2503.03916
2503.04456
2503.04488
2503.05233
2503.05940
2503.06577
2503.06731
2503.07194
2302.06273
2307.02124
2309.17062
2301.11346
2312.06237
2404.08551
2011.02170
2406.16652
2503.10230
2503.11719
2008.11180
2403.07768
2502.21064
2503.10963
2503.11338
2503.12475
2311.08051
2503.13190
2503.13663
2503.13700
2503.22699
2503.14426
2503.14596
2503.15198
2503.15274
2406.10009
2407.08573
2407.17922
2503.06711
2503.16226
1804.01326
2407.00831
2503.04317
2209.05103
2408.09488
2501.10241
2209.06121
2402.00206
2503.03439
2503.14769
2503.19242
2503.20024
2309.00577
2312.01378
2312.05051
2503.20671
2503.20905
2503.21216
2503.21265
2503.21434
2503.22883
1610.10043
2409.05568
2410.22181
2412.19936
2212.01885
2501.15779
2504.01057
2207.14120
1905.09566
2401.17494
2504.03094
2504.03240
2504.04467
2306.11126
2405.19529
2407.19574
2412.03776
2504.04888
2504.05274
2402.03637
2408.14335
2504.06052
2504.06522
2406.09109
2504.07473
2504.07953
2009.07224
2504.08496
2204.13786
2501.19226
2504.10131
2304.09273
2305.16524
2311.14643
2402.16704
2502.06010
2504.02409
2502.16304
2504.11768
2504.11772
2304.04382
2309.05304
2504.12846
2404.18693
2412.16386
2504.11760
2502.04930
2503.00511
2503.02260
2407.00395
2405.06475
2502.02284
2504.14935
2311.16355
2405.02990
2504.15579
2504.16149
2205.09999
2410.08702
2504.16326
2504.16602
2407.17444
2503.21974
2504.17654
2504.17764
1303.1336
2107.07701
2504.18021
2504.18065
2504.11099
2305.06075
2305.06348
2404.09032
2410.03604
2503.15933
2504.19877
2410.14097
2504.19389
2504.20363
2504.21163
2405.02777
2411.19904
2504.21551
2505.00682
2410.16225
2505.01362
2505.01387
2402.18226
2503.01687
2505.01949
2106.15390
2302.05175
2303.10822
2304.05338
2412.15019
2505.02535
2108.13600
2110.06591
2304.03066
2502.03585
2205.15880
2209.09833
2301.00708
2402.11644
2505.04817
2403.06911
2408.00393
2409.19061
2502.10368
2211.11946
2505.07131
2401.13821
2505.01826
2505.07742
2411.19238
2505.02051
2505.08321
2505.08697
2505.08766
2505.08897
1804.02240
1806.06471
2409.18378
2501.11620
2502.07367
2505.09080
2505.09120
2505.09326
2306.05345
2404.03332
2405.14703
2505.10374
2503.02477
2505.10761
2505.11287
2505.11723
2405.13457
2503.13325
2207.06091
2404.10925
2505.13850
2505.14288
2505.14353
2505.14545
2204.10033
2301.09561
2412.19380
2504.16690
2505.13865
2505.14991
2505.15598
2505.15786
2302.04069
2308.13247
2401.05974
2409.01377
2505.16342
2505.17286
2406.14346
2505.19192
1805.11536
2505.19899
2505.21373
2304.05844
2505.13260
2505.18329
2505.22004
2505.22640
2505.22832
2505.22931
2506.12050
2001.09029
2301.02491
2312.01825
2505.10439
2505.22968
2501.08559
2505.24345
2506.00170
2111.14796
2407.01203
1712.00555
2406.13240
2503.17319
2506.01521
2506.01717
2304.05796
2506.02437
2506.02598
2506.02699
2401.02928
2407.13448
2503.10524
2506.04472
2403.10366
2501.14429
2505.22347
2506.05190
2103.01189
2302.01468
2405.06912
2506.06025
2404.08578
2407.02725
2506.00122
2506.06885
2506.07911
2506.08154
2506.08246
2408.15184
2505.07343
2312.11261
2412.14851
2506.09788
2405.07873
2412.16004
2506.10431
2411.06210
2007.02255
2506.13349
2506.14007
2506.14319
2108.12927
2405.02860
2409.13842
2411.17200
2506.16188
2506.16241
2506.16469
2303.14925
2308.03067
2403.08735
2506.16657
2405.11038
2506.17982
2310.15804
2404.08606
2506.18451
2506.18762
2303.10813
2406.19854
2506.19946
2109.02144
2410.20504
2506.21227
2506.21525
2506.21653
2506.21708
2506.21879
2506.22072
2506.22104
2506.22847
2506.22872
2506.23413
2505.21449
2506.23632
2506.23651
2506.23880
2506.23935
2506.24038
2507.00146
2304.00196
2507.01370
2507.01637
2507.01869
2507.02031
2312.03717
2507.03139
2406.12486
2507.03988
2507.04220
2501.06955
2502.15408
2507.05156
2507.05529
2507.05892
2507.05922
2507.05956
2507.07208
2507.07329
2406.17677
2406.17684
2507.07489
2507.07869
2210.11191
2408.02644
2504.16935
2504.21764
2507.08722
2507.09109
2501.03042
2506.15622
2507.07922
2507.09946
2507.10061
2408.11157
2507.06962
2503.17326
2507.14379
2507.15133
2305.18151
2307.04398
2312.12238
2404.01162
2503.20704
2507.16062
2507.16243
2507.16455
2303.01643
2402.18170
2405.10383
2507.17321
2507.17457
2507.07807
2309.04886
2507.20103
2507.20768
2507.20820
2507.20932
2503.00685
2506.08685
2302.07604
2501.14688
2502.15276
2507.22816
2507.23152
2507.23403
2211.00908
2308.00656
2312.06967
2503.14865
2508.00633
2508.00727
2508.01524
2508.01944
2211.00762
2310.04267
2311.16881
2508.02105
2508.02285
2508.02612
2307.06485
2402.12339
2405.19042
2504.02143
2508.04054
2508.05482
2508.05556
2312.08596
2506.12429
2508.18275
2412.19605
2006.09733
2108.06801
2210.13886
2507.13537
2508.07736
2508.07737
2501.03116
2508.09944
2307.13201
2409.07919
2508.10323
2508.11005
2507.14803
2508.10162
2508.11250
2508.11615
2508.11621
2205.09149
2210.11320
2306.02218
2508.13315
2411.13482
2508.14290
2508.14291
2502.05306
2502.14993
2508.14320
2508.14639
2406.09832
2508.15518
2508.15731
2412.19697
2508.16302
2408.13302
2502.20597
2508.17516
2002.02554
2409.01918
2410.06320
2508.17603
1612.09375
2310.03445
2405.08799
2503.06722
2508.19423
2508.19426
2403.17282
2412.17681
2508.20331
2508.21134
2508.21609
2509.00995
2301.03168
2411.14813
2503.17274
2509.01056
2509.01233
2509.01386
2509.01417
2401.00704
2207.01967
2509.03450
2312.00429
2507.05437
2509.04255
2209.05521
2509.04341
2509.04990
2509.05070
2509.05094
2509.05462
2509.05900
2509.05906
2508.17794
2509.06363
2509.07241
2409.10438
2505.01899
2509.06769
2509.07719
2509.08144
2409.18056
2509.08246
2303.13865
2505.10809
2508.13106
2509.09941
2509.09992
2509.10204
2509.10288
2509.10636
2311.18095
2509.11321
2509.11331
2509.11423
2405.05774
2508.16787
2508.11611
2509.12983
2509.13058
1905.05740
2507.07023
2509.13073
2509.13602
2509.14137
2403.09103
2406.11154
2503.18354
2509.14774
2509.14823
2509.15101
2406.08971
2506.05238
2409.06823
2509.16626
2506.01501
2509.18290
2506.07950
2510.09625
2312.04185
2403.19884
2404.01406
2404.16321
2406.08286
2410.00675
2508.06637
2509.20019
2509.20137
2303.05623
2308.03583
2403.19845
2404.00900
2404.02017
2404.16140
2411.12840
2508.20555
2509.20930
2509.21435
2509.21472
2509.21564
2202.00534
2506.02691
2509.22208
2509.22575
2509.22584
2509.23181
2504.18460
2501.11021
2509.24810
2509.25474
2206.10031
2509.26343
2509.26563
2208.07808
2510.00854
2510.00912
2510.00979
2401.07021
2503.06280
2507.12360
2510.01809
2510.02277
2510.02607
2110.10212
2308.11753
2310.07971
2409.14861
2506.07874
2507.13047
2510.02748
2510.02959
2201.09551
2409.07026
2502.15621
2510.04254
2509.08478
2510.05277
2510.05371
2110.08237
2510.03953
2510.06417
2311.05849
2312.11101
2503.16100
2510.01946
2510.06626
2510.07040
2510.07170
2510.07553
2510.07565
2308.14096
2510.08861
2408.16539
2504.01011
2510.09855
2510.09928
2203.05062
2509.07645
2510.10162
2510.10311
2510.10317
2510.10349
2510.10504
2510.10773
2506.20278
2510.10867
2510.11672
2110.07571
2403.10447
2407.21147
2501.16491
2503.20664
2503.21784
2505.12087
2510.12324
2510.12937
2510.13039
2211.14801
2507.00221
2510.13503
2211.02507
2308.13677
2502.09163
2302.11001
2510.15795
2409.14618
2510.16294
2302.14014
2510.16787
2510.17010
2503.24279
2506.06847
2510.17298
2510.17702
2401.16855
2409.00389
2505.02724
2510.18961
2105.13334
2407.18417
2510.08826
2510.20646
2502.19876
2510.22326
2308.15573
2503.14659
2510.06560
2405.07724
2506.02759
2509.02553
2510.15230
2510.23531
2510.23580
2510.23789
2401.14059
2510.24415
2510.24629
2407.13357
2407.17105
2510.25248
2510.25450
2407.03488
2410.16328
2510.19104
2510.26465
2510.26504
2510.26660
2105.12801
2510.27557
1709.09339
2502.00995
2405.10072
2110.01489
2301.07287
2511.01497
2511.01622
2512.07835
2111.14757
2211.13824
2312.12567
2511.02624
2511.02731
2501.17769
2504.05182
2510.06206
2511.03649
2402.04244
2402.17293
2404.07583
2509.15524
1207.6236
1703.04266
2404.13169
2406.13438
2502.10598
2511.05012
2511.05425
2411.04060
2502.02849
2511.05922
2511.06151
2401.03484
2511.06469
2408.10928
2409.19076
2511.06945
2511.07614
2511.17544
2512.04090
2307.04387
2509.22413
2510.22653
2511.07952
2511.08528
2404.01171
2511.09371
2511.09553
2511.09595
2511.09849
2511.10312
2511.10513
2511.10527
2002.03303
2405.08361
2510.20613
2510.22886
2511.11387
2511.12724
2511.12809
2312.02883
2401.06584
2402.12251
2403.19472
2502.02532
2508.01146
2511.02425
2511.13167
2511.13255
2511.13547
2511.13674
2511.13706
2511.14325
2511.14402
2511.14892
2502.01138
2507.06124
2511.15264
2511.15387
2507.04155
2404.03735
2511.15410
2511.17024
2511.17739
2111.09810
2511.17944
2006.01613
2308.02094
2408.01359
2501.06662
2511.19223
2511.19665
2507.13749
2003.03786
2202.00135
2409.12920
2510.26711
2511.21379
2511.21396
2511.21623
2303.11769
2401.04704
2407.03306
2412.13310
2502.03408
2511.23206
2309.05216
2307.08179
2403.01651
2411.06636
2507.15726
1209.2995
2404.06408
2502.10323
2510.12108
2512.03338
2512.03371
2504.12158
2510.23767
2512.04818
2512.05312
2511.04571
2502.11773
2504.12965
2505.17432
2110.06404
2506.11240
2510.00488
2512.08566
2512.08835
2306.02792
2504.06200
2511.20958
2404.09513
2503.15431
2506.11213
2511.07039
2307.13262
2510.02229
2512.11211
2512.11692
2512.12096
2601.00803
2505.15534
2512.12188
2203.06522
2403.07855
2409.10434
2512.10784
2211.02576
2408.03141
2510.26047
2511.06502
2512.13161
2512.13378
2501.06676
2511.13511
2511.13536
2512.13273
2512.13968
2512.14612
2512.14956
2508.11526
2512.14988
2512.15573
2512.15835
2512.15951
2504.05821
2504.18266
2507.00212
2511.05911
2512.15485
2512.16374
2310.05706
2501.16465
2509.06193
2512.05631
2512.08312
2512.17170
2005.07603
2106.09428
2202.03511
2202.03516
2212.12568
2303.06029
2306.02217
2310.00493
2310.14235
2408.05289
2512.18364
2512.18417
2512.18487
2512.18663
2512.18891
2512.18896
2410.00123
2508.00670
2512.19669
2408.06314
2512.20551
2512.20717
2512.20742
2512.20764
2512.21090
2407.14048
2507.03459
2512.22078
2512.22518
2503.04294
2512.22794
2507.04526
2512.23698
2512.24048
2512.24417
2502.01833
2510.10837
2512.24887
2512.25039
2412.08952
2512.19948
1810.00312
2304.08409
2409.10237
2504.09520
2403.03321
2502.11939
2504.20397
2601.02895
2601.03101
2601.03196
2505.14123
2512.10274
2601.03128
2601.03985
2501.18404
2502.19165
2507.19317
2511.10531
2601.06192
2509.13973
2410.18877
2601.06567
2311.14261
2502.02517
2208.06886
2412.14649
2512.21147
2601.05691
2601.07505
2601.07807
2601.07900
2601.07902
2303.03554
2503.08832
2601.08249
2601.08802
2501.03942
2511.21128
2601.09060
2601.09443
2601.09505
2601.09544
2302.01613
2402.12051
2504.20606
2511.07314
2512.21485
2601.11472
2601.11512
1609.00566
2412.19734
2505.07151
2601.12834
2601.12932
2601.13301
2511.03269
2601.00209
2601.14237
2409.01828
2601.13490
2601.14020
2601.14812
2601.15534
2108.01898
2301.07801
2304.07398
2501.03890
2508.13063
2510.26269
2601.15832
2601.15862
2601.16361
2003.03688
2201.10760
2412.18993
2601.17345
2601.17597
2601.17623
2501.09243
2505.02488
2601.18376
2312.09666
2410.08933
2504.13708
2506.12399
2508.20283
2601.19200
2601.20012
2206.12730
2406.08956
2512.15613
2601.04053
2601.11221
2601.20322
2601.20744
2601.21052
2209.05693
2309.16619
2409.09494
2506.02180
2506.13374
2601.21559
2601.21843
2601.22017
2206.02401
2210.14668
2307.07276
2405.12763
2409.11231
2505.15767
2506.02304
2510.01131
2601.22721
2411.07804
2505.05051
2506.11245
2512.03836
2602.01292
2311.08366
2601.11084
2602.01821
2302.08949
2511.03500
2602.03739
2309.11300
2505.04170
2507.08377
2508.14839
2601.03180
2602.04425
2210.01565
2301.03545
2506.00590
2602.05689
2602.05990
2412.21012
2503.01188
2602.06651
2406.10624
2602.01316
2602.07604
2411.01044
2509.00954
2602.08138
2209.12569
2410.21524
2504.06066
2511.17152
2602.08480
2602.08694
2602.08851
2602.08954
2602.09241
2602.09371
2602.09674
2602.09974
2602.10000
2308.00651
2505.23322
2602.01761
2602.11120
2510.09922
2602.11943
2602.11971
2602.12239
2602.12363
2101.11184
2403.19661
2404.15191
2406.19952
2510.01080
2512.03951
2602.09780
2602.12505
2602.12738
2602.13097
2510.23369
2602.14015
2602.14075
2602.14332
2304.05477
2507.12044
2601.16729
2601.18254
2602.14424
2602.14886
2312.07197
2602.15358
2602.15583
2602.15667
2602.15696
2602.15807
2602.16017
2310.05577
2411.17281
2602.09885
2602.16381
2602.16602
2306.09727
2312.16645
2406.00417
2407.13651
2503.22217
2406.11722
2502.03477
2503.21576
2509.18410
2501.16978
2602.09283
2409.17489
2508.09604
2510.00987
2512.12810
2601.12702
2504.07620
2509.04435
2509.11405
2411.12251
2510.14716
1703.10137
2505.06059
2511.21913
2505.17729
2310.11972
2509.03371
2601.16092
2412.00371
2601.14626
2301.10685
2412.13956
2512.22797
2510.06886
2511.04482
2512.12556
2602.03149
2501.10672
2508.07735
2512.19558
2406.14031
2303.08000
2410.00853
2502.14134
2503.23871
2212.02444
2405.12917
2503.02839
2503.05457
2503.21031
2506.23375
2508.12545
2409.10991
2601.19772
2410.24077
2412.20262
2511.10454
2512.05232
2512.11703
2510.00470
2602.15726
0706.0711
0709.4364
0710.1208
0802.1296
0802.1306
0805.0432
0805.0845
0808.1023
0808.1029
0808.1032
0808.1037
0810.4420
0812.2266
0903.0340
0903.3311
0904.1122
0904.1529
0904.1997
0904.2385
0905.3010
0905.4200
0906.1864
0906.4725
0908.1787
0908.2469
0908.3634
0908.3737
0908.3994
0908.4491
0909.0988
0910.2393
0910.2401
0910.2737
0910.2931
0910.3144
0910.3959
0911.3005
1001.1662
1002.2540
1003.4394
1003.4485
1003.5005
1003.5954
1004.1598
1004.1656
1004.3135
1004.3405
1004.4725
1004.4755
1006.1010
1006.1011
1006.1248
1006.3027
1007.4896
1008.1309
1009.1166
1009.2007
1009.3682
1009.3786
1011.1330
1011.6123
1012.1220
1012.5515
1012.5910
1101.4813
1101.4929
1102.0264
1102.1889
1102.2368
1102.2395
1102.3151
1102.4769
1103.0248
1104.2803
1104.5047
1105.1702
1106.0042
1106.4058
1107.1222
1107.3031
1107.3119
1107.6019
1108.1978
1108.4133
1108.5062
1109.0983
1109.1344
1109.1397
1109.1702
1109.2247
1109.3574
1109.4002
1110.3405
1110.5252
1111.1460
1111.3620
1112.0427
1112.2394
1112.2396
1112.3456
1112.6208
1201.1272
1201.6273
1202.6079
1203.2900
1203.4568
1203.4988
1203.6242
1203.6324
1204.0053
1204.3458
1204.4339
1204.5802
1205.3565
1205.5898
1206.0921
1207.1255
1207.2732
1208.5131
1208.5205
1209.0940
1209.1011
1209.3054
1209.4927
1210.0828
1210.1433
1211.1812
1212.3806
1212.5303
1302.4900
1303.3025
1303.3170
1303.3371
1303.6428
1305.0297
1305.0576
1305.2231
1305.3821
1305.5240
1306.4119
1306.6225
1307.0489
1307.1850
1307.2538
1307.3632
1307.4073
1307.6318
1307.8244
1308.1443
1308.5409
1310.0263
1311.1539
1311.1721
1311.1784
1311.3796
1311.3903
1311.6563
1312.4818
1401.1053
1401.5327
1401.5980
1401.6488
1402.0761
1402.1051
1402.4827
1402.5687
1403.0749
1403.7048
1403.7185
1404.3633
1404.3925
1405.0033
1405.2874
1405.3681
1406.1278
1406.1633
1406.2064
1406.4690
1406.4823
1408.0049
1408.0050
1408.0054
1408.5809
1408.6514
1409.4361
1409.5865
1410.6938
1410.7442
1411.3035
1412.2105
1412.7148
1412.7256
1412.8528
1501.01885
1501.02834
1501.04921
1501.04995
1501.05115
1501.05180
1501.06059
1501.06489
1501.07082
1502.00831
1502.01690
1503.01034
1503.01348
1503.05857
1503.06072
1503.08839
1504.01088
1504.01338
1504.02692
1504.02694
1504.02716
1504.02949
1504.07003
1505.00138
1505.04330
1505.06294
1506.00398
1506.02675
1506.05025
1506.06534
1507.05305
1507.06196
1507.06297
1508.05908
1508.06448
1508.07944
1509.06594
1510.02508
1510.05076
1510.05468
1510.06649
1511.01569
1511.02147
1512.02628
1512.03027
1512.04419
1512.05980
1512.06751
1601.00239
1601.00402
1601.00711
1601.04908
1601.04964
1601.05956
1601.06098
1602.01635
1602.04123
1602.05831
1602.06284
1604.01187
1605.04013
1605.04305
1605.06719
1605.08617
1606.01515
1607.02988
1608.01018
1608.01560
1608.03785
1608.08455
1609.01493
1609.07775
1609.08975
1609.09783
1609.09815
1610.05270
1610.06393
1611.09263
1612.01093
1612.01878
1612.02816
1612.05161
1701.00660
1701.02547
1701.04732
1701.04919
1701.07601
1701.07820
1701.08075
1701.08369
1701.08669
1702.00268
1702.01772
1702.02822
1702.04627
1702.04908
1702.08841
1703.01204
1703.08247
1703.09594
1703.10576
1704.02309
1704.02330
1704.04882
1705.03553
1706.00526
1706.02630
1706.02866
1706.04383
1706.05956
1706.09877
1707.00966
1709.03860
1709.06174
1709.08056
1709.08657
1709.09096
1709.09743
1709.09772
1710.03090
1710.03666
1710.03894
1710.10227
1710.11343
1710.11392
1711.05159
1711.05511
1711.06674
1711.07059
1711.07945
1711.08699
1711.11349
1712.07344
1712.09302
1712.09454
1801.07599
1801.07993
1801.09705
1802.02820
1802.08101
1802.09203
1803.00529
1803.00700
1803.00708
1803.07609
1803.08874
1804.01514
1804.02265
1804.05356
1804.08953
1804.09822
1804.10360
1805.12088
1806.10261
1807.00785
1807.01620
1807.10414
1807.10566
1808.06574
1809.05319
1810.06991
1810.07972
1811.03678
1811.08338
1811.11041
1812.01317
1812.08079
1812.10026
1901.10117
1901.10723
1902.00343
1902.03033
1903.01093
1903.01897
1903.03396
1903.03671
1903.05126
1903.08922
1903.12334
1904.03478
1904.09322
1904.09600
1904.12085
1905.01305
1905.02072
1905.07408
1905.08267
1905.09055
1906.01519
1906.04925
1906.05593
1906.05729
1906.05937
1906.07629
1906.09503
1906.09649
1906.09834
1907.03536
1907.05172
1907.08292
1907.09689
1907.11316
1908.01055
1908.02599
1908.02674
1908.11169
1909.02893
1909.07589
1909.11210
1910.03656
1910.04383
1910.07065
1910.09633
1910.12863
1911.01085
1911.06346
1911.07895
1911.10398
1911.12904
1912.01003
1912.06191
1912.07339
1912.08418
1912.10049
1912.13477
2001.06348
2001.07488
2001.08045
2001.08375
2001.10274
2002.01091
2002.07654
2003.05213
2003.08898
2003.09453
2003.12531
2003.12732
2003.13713
2004.05287
2004.05631
2004.10741
2004.11196
2004.13472
2005.00208
2005.00260
2005.00933
2005.03886
2005.04715
2005.04735
2005.04929
2005.05108
2005.05293
2005.05819
2005.14134
2006.03493
2006.03954
2006.10733
2006.16129
2006.16949
2007.03834
2007.06031
2007.07215
2007.10057
2007.13739
2007.15415
2007.15697
2008.05840
2009.01883
2009.02822
2009.06564
2009.06837
2009.07125
2009.12647
2009.14576
2010.07899
2010.08003
2010.08233
2010.08337
2010.09821
2010.10510
2010.13808
2010.14166
2011.02859
2011.04899
2011.06644
2011.14339
2011.14520
2012.01847
2012.02113
2012.05887
2012.06530
2012.10641
2101.03809
2101.04154
2101.10483
2101.10487
2101.11115
2101.11351
2101.12045
2102.00510
2102.01529
2102.04672
2102.04814
2102.05664
2102.08109
2102.08711
2102.11081
2102.12156
2103.00044
2103.01931
2103.02024
2103.02302
2103.07960
2103.09636
2103.10377
2103.14411
2103.14770
2103.15758
2104.09837
2104.11241
2104.14686
2105.00024
2105.02156
2105.03274
2105.04059
2105.04929
2105.05748
2105.05949
2105.06186
2105.06244
2105.06763
2105.07720
2105.09929
2105.10414
2105.10946
2105.11398
2105.12911
2106.01209
2106.04475
2106.05473
2106.07233
2106.07485
2106.08142
2106.13489
2106.14153
2107.01975
2107.04377
2107.04832
2107.06820
2107.07726
2107.13347
2107.14176
2107.14581
2108.01229
2108.01756
2108.07625
2108.08703
2108.08835
2108.09872
2108.12936
2109.02672
2109.10707
2110.00446
2110.02491
2110.02958
2110.05388
2110.05412
2110.06793
2110.09844
2110.10970
2111.01297
2111.01837
2111.03855
2111.03956
2111.10315
2111.10862
2111.10873
2111.14208
2111.14736
2111.15225
2112.03582
2112.05799
2112.06984
2201.00233
2201.09166
2201.10662
2202.02061
2202.03607
2202.08657
2203.03596
2203.06430
2203.07975
2203.15544
2203.16345
2204.01843
2204.03247
2204.03870
2204.04274
2204.04319
2204.04821
2204.06564
2204.07003
2204.13039
2204.13041
2205.00466
2205.09656
2205.09844
2205.15306
2205.15917
2206.04814
2206.08755
2206.09784
2206.12338
2207.00526
2207.00851
2207.03929
2207.06433
2207.08777
2207.09187
2207.09190
2207.10095
2207.13912
2207.13952
2208.01135
2208.03817
2208.05973
2208.07865
2208.10385
2208.11077
2208.12173
2208.13232
2208.13687
2208.14018
2208.14504
2209.00016
2209.01259
2209.06262
2209.11062
2210.03556
2210.04202
2210.08530
2210.13387
2210.13531
2211.01831
2211.03855
2211.07487
2211.09655
2211.11897
2211.12734
2212.03146
2212.06159
2212.06342
2212.06636
2212.06842
2212.07976
2212.08515
2212.08981
2212.11719
2212.12538
2212.13229
2212.13851
2212.14494
2301.01445
2301.04846
2301.06664
2301.10088
2301.10595
2301.11860
2301.11867
2301.12989
2302.05190
2302.05575
2302.07280
2302.09631
2302.12678
2303.03163
2303.03440
2303.04156
2303.04711
2303.04795
2303.05834
2303.07148
2303.10586
2303.11071
2303.11679
2303.14338
2303.14596
2304.02082
2304.02660
2304.03789
2304.07638
2304.10196
2304.10343
2304.10584
2304.11014
2304.14950
2305.02506
2305.05507
2305.06886
2305.11512
2305.14068
2305.16435
2305.17159
2305.17165
2305.17208
2305.17974
2305.18296
2305.18515
2305.18945
2306.09074
2306.12240
2306.16284
2306.16341
2306.16806
2307.03075
2307.06699
2307.09497
2307.14855
2307.15519
2307.16270
2307.16558
2308.00747
2308.14581
2308.16494
2309.06968
2309.07245
2309.08822
2309.09395
2309.10084
2309.10422
2310.00956
2310.03784
2310.03786
2310.15735
2310.16090
2311.00746
2311.04085
2311.06358
2311.08546
2311.11026
2311.11035
2311.17403
2311.17813
2312.04739
2312.06477
2312.06562
2312.06760
2312.13294
2312.14600
2312.16529
2312.16694
2312.17322
2401.02091
2401.07055
2401.07914
2401.10008
2401.10553
2401.11752
2401.12638
2401.13255
2401.13283
2401.13838
2401.14106
2401.15258
2401.17483
2402.01020
2402.02997
2402.03103
2402.13086
2402.13179
2402.15332
2403.02282
2403.02284
2403.03934
2403.07813
2403.10479
2403.13001
2403.19808
2404.00581
2404.02688
2404.03641
2404.03825
2404.07854
2404.08163
2404.08308
2404.09638
2404.10653
2404.14510
2405.01148
2405.01675
2405.03264
2405.04157
2405.06043
2405.06664
2405.09391
2405.10189
2405.11073
2405.11267
2405.12264
2405.17595
2405.18388
2405.19095
2406.01816
2406.03578
2406.07216
2406.07577
2406.11814
2406.11964
2406.14320
2406.15882
2406.15961
2406.17583
2407.00606
2407.02423
2407.02424
2407.03673
2407.04535
2407.06181
2407.09146
2407.17835
2408.02889
2408.05266
2408.13376
2408.13931
2408.16102
2409.02166
2409.04612
2409.14591
2409.17664
2409.19176
2410.01389
2410.01421
2410.05353
2410.07918
2410.09229
2410.10627
2410.14440
2410.18024
2410.19040
2410.22261
2411.01347
2411.04767
2411.05067
2411.06358
2411.09082
2411.09674
2411.09685
2411.09779
2411.15103
2412.01667
2412.06097
2412.07198
2412.08935
2412.17772
2412.19577
2501.01515
2501.08041
2501.13229
2501.19187
2502.04440
2502.04502
2502.10811
2502.13033
2502.19022
2502.20440
2503.02556
2503.05790
2503.10353
2503.10863
2503.10868
2503.11718
2503.11820
2503.12699
2503.13678
2503.17191
2503.21567
2503.22819
2504.06789
2504.08095
2504.10314
2504.11225
2504.12128
2505.00807
2505.03862
2505.04761
2505.07780
2505.10149
2505.13096
2505.14482
2505.15002
2505.18751
2505.24010
2505.24812
2506.04864
2506.22196
2507.02442
2507.04441
2507.08537
2507.18246
2507.18418
2508.00197
2508.00982
2508.04693
2508.10978
2508.13208
2508.14132
2508.20054
2508.20701
2509.08323
2509.08433
2509.10603
2509.13026
2509.15301
2509.18475
2510.05032
2510.05391
2510.07408
2510.17417
2510.17829
2510.25915
2511.08254
2511.16852
2511.17840
2511.21355
2511.21768
2511.22734
2512.00141
2512.00209
2512.06499
2512.08225
2512.09908
2512.11762
2512.12139
2512.16697
2512.17548
2512.24796
2601.01472
2601.04456
2601.04814
2601.05972
2601.09685
2601.10564
2601.15078
2601.18000
2601.19426
2601.21645
2601.22911
2602.02218
2602.04049
2602.06787
2602.08846
2602.12085
2602.13695
2602.14708
2602.16612
cs__0207057
cs__0604108
cs__0609040
cs__0701032
cs__0702040
cs__0703007
cs__9812019
gr-qc__0410104
gr-qc__9902017
hep-th__0306164
hep-th__0307046
hep-th__0402227
hep-th__0403157
hep-th__0412290
hep-th__0602051
hep-th__0607247
hep-th__0612306
math-ph__0005033
math-ph__0008003
math-ph__0203056
math-ph__0211067
math-ph__0608062
q-alg__9503002
quant-ph__0008020
quant-ph__0009100
quant-ph__0402014
quant-ph__0402130
quant-ph__0506132
quant-ph__0506134
quant-ph__0510032
quant-ph__0608035
quant-ph__0608072
